,商品類別,查詢關鍵字,商品名稱,價格,商品連結,平台
0,3C,iphone 15 pro max 256,【Apple】iPhone 15 Pro Max(256G/6.7吋),42200,https://www.momoshop.com.tw/goods/GoodsDetail.jsp?i_code=11854650&Area=search&oid=1_1&cid=index&kw=iphone%2015%20pro%20max%20256,momo
0,3C,iphone 15 pro max 256,【Apple】iPhone 15 Pro Max(256G/6.7吋),42200,https://www.momoshop.com.tw/goods/GoodsDetail.jsp?i_code=11854650&Area=search&oid=1_2&cid=index&kw=iphone%2015%20pro%20max%20256,momo
0,3C,iphone 15 pro max 256,【Apple】iPhone 15 Pro Max(256G/6.7吋),42200,https://www.momoshop.com.tw/goods/GoodsDetail.jsp?i_code=11857869&Area=search&oid=1_3&cid=index&kw=iphone%2015%20pro%20max%20256,momo
0,3C,iphone 15 pro max 256,【Apple】iPhone 15 Pro Max(256G/6.7吋)(犀牛盾耐衝殼+壯撞貼組),42600,https://www.momoshop.com.tw/goods/GoodsDetail.jsp?i_code=11856446&Area=search&oid=1_4&cid=index&kw=iphone%2015%20pro%20max%20256,momo
0,3C,iphone 15 pro max 256,【Apple】iPhone 15 Pro Max(256G/6.7吋)(超值殼貼組),42200,https://www.momoshop.com.tw/goods/GoodsDetail.jsp?i_code=11869797&Area=search&oid=1_5&cid=index&kw=iphone%2015%20pro%20max%20256,momo
0,3C,Nintendo Switch 主機,【Nintendo 任天堂】Switch OLED款式 白色 主機(台灣公司貨).,9400,https://www.momoshop.com.tw/goods/GoodsDetail.jsp?i_code=9750941&Area=search&oid=1_1&cid=index&kw=Nintendo%20Switch%20%E4%B8%BB%E6%A9%9F,momo
0,3C,Nintendo Switch 主機,【Nintendo 任天堂】Switch OLED白色主機+《遊戲任選X2》附《9H鋼化貼》,12680,https://www.momoshop.com.tw/goods/GoodsDetail.jsp?i_code=10741039&Area=search&oid=1_2&cid=index&kw=Nintendo%20Switch%20%E4%B8%BB%E6%A9%9F,momo
0,3C,Nintendo Switch 主機,【Nintendo 任天堂】Switch電光藍紅Joy-Con續航力加強版(日規主機),8980,https://www.momoshop.com.tw/goods/GoodsDetail.jsp?i_code=11558097&Area=search&oid=1_3&cid=index&kw=Nintendo%20Switch%20%E4%B8%BB%E6%A9%9F,momo
0,3C,Nintendo Switch 主機,【Nintendo 任天堂】Switch OLED白色主機+健身環大冒險同捆組+運動(贈保護貼),13660,https://www.momoshop.com.tw/goods/GoodsDetail.jsp?i_code=12315690&Area=search&oid=1_4&cid=index&kw=Nintendo%20Switch%20%E4%B8%BB%E6%A9%9F,momo
0,3C,Nintendo Switch 主機,【Nintendo 任天堂】Switch OLED款式 電光藍.電光紅 主機(台灣公司貨),9780,https://www.momoshop.com.tw/goods/GoodsDetail.jsp?i_code=11782494&Area=search&oid=1_5&cid=index&kw=Nintendo%20Switch%20%E4%B8%BB%E6%A9%9F,momo
0,3C,PS5 主機 數位版,【SONY 索尼】PS5 數位版主機(CFI-1218B01 T),14580,https://www.momoshop.com.tw/goods/GoodsDetail.jsp?i_code=10732544&Area=search&oid=1_1&cid=index&kw=PS5%20%E4%B8%BB%E6%A9%9F%20%E6%95%B8%E4%BD%8D%E7%89%88,momo
0,3C,PS5 主機 數位版,【SONY 索尼】New PS5 數位版主機(PS5 Slim)+專用 Ultra HD Blu-ray 光碟機,18260,https://www.momoshop.com.tw/goods/GoodsDetail.jsp?i_code=12208269&Area=search&oid=1_2&cid=index&kw=PS5%20%E4%B8%BB%E6%A9%9F%20%E6%95%B8%E4%BD%8D%E7%89%88,momo
0,3C,PS5 主機 數位版,【SONY 索尼】New PS5 數位版主機(PS5 Slim)+PS5 HD 攝影機,14960,https://www.momoshop.com.tw/goods/GoodsDetail.jsp?i_code=12208262&Area=search&oid=1_3&cid=index&kw=PS5%20%E4%B8%BB%E6%A9%9F%20%E6%95%B8%E4%BD%8D%E7%89%88,momo
0,3C,PS5 主機 數位版,【SONY 索尼】New PlayStation 5 專用 Ultra HD Blu-ray 光碟機(數位版主機(PS5 Slim)專用),3680,https://www.momoshop.com.tw/goods/GoodsDetail.jsp?i_code=12196856&Area=search&oid=1_4&cid=index&kw=PS5%20%E4%B8%BB%E6%A9%9F%20%E6%95%B8%E4%BD%8D%E7%89%88,momo
0,3C,PS5 主機 數位版,【SONY 索尼】New PS5 數位版主機(PS5 Slim)+PS VR2《地平線 山之呼喚》組合包,35060,https://www.momoshop.com.tw/goods/GoodsDetail.jsp?i_code=12208259&Area=search&oid=1_5&cid=index&kw=PS5%20%E4%B8%BB%E6%A9%9F%20%E6%95%B8%E4%BD%8D%E7%89%88,momo
0,3C,Sony MDR-ZX110,【SONY 索尼】耳罩式有線無麥克風耳機(MDR-ZX110),726,https://www.momoshop.com.tw/goods/GoodsDetail.jsp?i_code=11786620&Area=search&oid=1_1&cid=index&kw=Sony%20MDR-ZX110,momo
0,3C,Sony MDR-ZX110,【SONY】立體聲耳罩式耳機 MDR-ZX110(公司貨),751,https://www.momoshop.com.tw/goods/GoodsDetail.jsp?i_code=4047320&Area=search&oid=1_2&cid=index&kw=Sony%20MDR-ZX110,momo
0,3C,Sony MDR-ZX110,【SONY 索尼】耳罩式有線耳麥(MDR-ZX110AP),818,https://www.momoshop.com.tw/goods/GoodsDetail.jsp?i_code=11786622&Area=search&oid=1_3&cid=index&kw=Sony%20MDR-ZX110,momo
0,3C,Sony MDR-ZX110,None,None,None,momo
0,3C,Sony MDR-ZX110,None,None,None,momo
0,3C,ADATA P20000QCD,【ADATA 威剛】P20000QCD 20000mAh 18W 3孔輸出 PD/QC 大容量 快充行動電源(電量數位顯示),899,https://www.momoshop.com.tw/goods/GoodsDetail.jsp?i_code=8437389&Area=search&oid=1_1&cid=index&kw=ADATA%20P20000QCD,momo
0,3C,ADATA P20000QCD,【ADATA 威剛】數位顯示電量20000mAh 3孔輸出 快充行動電源(P20000QCD),799,https://www.momoshop.com.tw/goods/GoodsDetail.jsp?i_code=12316732&Area=search&oid=1_2&cid=index&kw=ADATA%20P20000QCD,momo
0,3C,ADATA P20000QCD,【ADATA 威剛】P20000QCD 數位顯示電量20000mAh 快充行動電源,799,https://www.momoshop.com.tw/goods/GoodsDetail.jsp?i_code=10063709&Area=search&oid=1_3&cid=index&kw=ADATA%20P20000QCD,momo
0,3C,ADATA P20000QCD,None,None,None,momo
0,3C,ADATA P20000QCD,None,None,None,momo
0,3C,羅技 G304,【Logitech G】G304 LIGHTSPEED 無線電競滑鼠(黑色),888,https://www.momoshop.com.tw/goods/GoodsDetail.jsp?i_code=5708861&Area=search&oid=1_1&cid=index&kw=%E7%BE%85%E6%8A%80%20G304,momo
0,3C,羅技 G304,【Logitech G】G304 LIGHTSPEED 無線電競滑鼠,990,https://www.momoshop.com.tw/goods/GoodsDetail.jsp?i_code=7709210&Area=search&oid=1_2&cid=index&kw=%E7%BE%85%E6%8A%80%20G304,momo
0,3C,羅技 G304,【Logitech G】G304 LIGHTSPEED 無線電競滑鼠(白色),990,https://www.momoshop.com.tw/goods/GoodsDetail.jsp?i_code=11804671&Area=search&oid=1_3&cid=index&kw=%E7%BE%85%E6%8A%80%20G304,momo
0,3C,羅技 G304,【Logitech G】G304 LIGHTSPEED 無線電競滑鼠(紫色),990,https://www.momoshop.com.tw/goods/GoodsDetail.jsp?i_code=11918096&Area=search&oid=1_4&cid=index&kw=%E7%BE%85%E6%8A%80%20G304,momo
0,3C,羅技 G304,【Logitech G】G304 LIGHTSPEED 無線電競滑鼠(藍色),990,https://www.momoshop.com.tw/goods/GoodsDetail.jsp?i_code=11974954&Area=search&oid=1_5&cid=index&kw=%E7%BE%85%E6%8A%80%20G304,momo
0,3C,ASUS ROG STRIX SCOPE NX,【ASUS 華碩】ROG STRIX SCOPE NX 有線電競鍵盤(青軸/紅軸/茶軸),2990,https://www.momoshop.com.tw/goods/GoodsDetail.jsp?i_code=9751959&Area=search&oid=1_1&cid=index&kw=ASUS%20ROG%20STRIX%20SCOPE%20NX,momo
0,3C,ASUS ROG STRIX SCOPE NX,【ASUS 華碩】ROG Strix Scope NX TKL ML 有線電競鍵盤(月光白 青軸/紅軸),3190,https://www.momoshop.com.tw/goods/GoodsDetail.jsp?i_code=9356025&Area=search&oid=1_2&cid=index&kw=ASUS%20ROG%20STRIX%20SCOPE%20NX,momo
0,3C,ASUS ROG STRIX SCOPE NX,【ASUS 華碩】ROG STRIX SCOPE NX TKL moonlight white 青軸電競鍵盤(月光白),3190,https://www.momoshop.com.tw/goods/GoodsDetail.jsp?i_code=9329030&Area=search&oid=1_3&cid=index&kw=ASUS%20ROG%20STRIX%20SCOPE%20NX,momo
0,3C,ASUS ROG STRIX SCOPE NX,【ASUS 華碩】ROG STRIX SCOPE NX BL 青軸電競鍵盤,2990,https://www.momoshop.com.tw/goods/GoodsDetail.jsp?i_code=9335637&Area=search&oid=1_4&cid=index&kw=ASUS%20ROG%20STRIX%20SCOPE%20NX,momo
0,3C,ASUS ROG STRIX SCOPE NX,【ASUS 華碩】ROG STRIX SCOPE NX TKL moonlight white 紅軸電競鍵盤(月光白),3190,https://www.momoshop.com.tw/goods/GoodsDetail.jsp?i_code=9599060&Area=search&oid=1_5&cid=index&kw=ASUS%20ROG%20STRIX%20SCOPE%20NX,momo
0,3C,Wacom Intuos Pro PTH-460/K0-C,【Wacom】Intuos Pro small 專業繪圖板(PTH-460/K0-C),7990,https://www.momoshop.com.tw/goods/GoodsDetail.jsp?i_code=6709043&Area=search&oid=1_1&cid=index&kw=Wacom%20Intuos%20Pro%20PTH-460%2FK0-C,momo
0,3C,Wacom Intuos Pro PTH-460/K0-C,None,None,None,momo
0,3C,Wacom Intuos Pro PTH-460/K0-C,None,None,None,momo
0,3C,Wacom Intuos Pro PTH-460/K0-C,None,None,None,momo
0,3C,Wacom Intuos Pro PTH-460/K0-C,None,None,None,momo
0,3C,HyRead Gaze One S,【HyRead】Gaze One S 6吋電子紙閱讀器,4890,https://www.momoshop.com.tw/goods/GoodsDetail.jsp?i_code=9619316&Area=search&oid=1_1&cid=index&kw=HyRead%20Gaze%20One%20S,momo
0,3C,HyRead Gaze One S,原廠殼套組【HyRead】Gaze One S 6吋電子紙閱讀器,5480,https://www.momoshop.com.tw/goods/GoodsDetail.jsp?i_code=9663072&Area=search&oid=1_2&cid=index&kw=HyRead%20Gaze%20One%20S,momo
0,3C,HyRead Gaze One S,None,None,None,momo
0,3C,HyRead Gaze One S,None,None,None,momo
0,3C,HyRead Gaze One S,None,None,None,momo
0,3C,Razer Blade 16 RZ09-0483RTH3-R3T1 16吋,【Razer 雷蛇】16吋i9電競筆電(Blade 16/RZ09-0483RTH3-R3T1/i9-13950HX/16GB/RTX 4060/1TB PCIe SSD),89990,https://www.momoshop.com.tw/goods/GoodsDetail.jsp?i_code=11258792&Area=search&oid=1_1&cid=index&kw=Razer%20Blade%2016%20RZ09-0483RTH3-R3T1%2016%E5%90%8B,momo
0,3C,Razer Blade 16 RZ09-0483RTH3-R3T1 16吋,None,None,None,momo
0,3C,Razer Blade 16 RZ09-0483RTH3-R3T1 16吋,None,None,None,momo
0,3C,Razer Blade 16 RZ09-0483RTH3-R3T1 16吋,None,None,None,momo
0,3C,Razer Blade 16 RZ09-0483RTH3-R3T1 16吋,None,None,None,momo
0,家電,Panasonic F-YV32MH,【Panasonic 國際牌】16公升變頻高效型清淨除濕機(F-YV32MH),19330,https://www.momoshop.com.tw/goods/GoodsDetail.jsp?i_code=12030395&Area=search&oid=1_1&cid=index&kw=Panasonic%20F-YV32MH,momo
0,家電,Panasonic F-YV32MH,【RENZA】適用 Panasonic 國際牌 F-YV32MH F-YV36MH F-YV40MH 空氣清淨機(HEPA濾網+活性碳濾網 濾芯),824,https://www.momoshop.com.tw/goods/GoodsDetail.jsp?i_code=12474275&Area=search&oid=1_2&cid=index&kw=Panasonic%20F-YV32MH,momo
0,家電,Panasonic F-YV32MH,None,None,None,momo
0,家電,Panasonic F-YV32MH,None,None,None,momo
0,家電,Panasonic F-YV32MH,None,None,None,momo
0,家電,PHILIPS ACR2142SF,【Philips 飛利浦】12吋 可定時窄邊框時尚美型風扇 7片扇葉設計-檯立兩用(ACR2142SF),1790,https://www.momoshop.com.tw/goods/GoodsDetail.jsp?i_code=11344551&Area=search&oid=1_1&cid=index&kw=PHILIPS%20ACR2142SF,momo
0,家電,PHILIPS ACR2142SF,【Philips 飛利浦】12吋 可定時窄邊框時尚美型風扇 7片扇葉設計-檯立兩用(ACR2142SF),2790,https://www.momoshop.com.tw/goods/GoodsDetail.jsp?i_code=11180112&Area=search&oid=1_2&cid=index&kw=PHILIPS%20ACR2142SF,momo
0,家電,PHILIPS ACR2142SF,【Philips 飛利浦】1+1超值組-負離子淨化DC直流塔式風扇 定時大廈扇 -可遙控(ACR3144WTF+ACR2142SF),5200,https://www.momoshop.com.tw/goods/GoodsDetail.jsp?i_code=11445480&Area=search&oid=1_3&cid=index&kw=PHILIPS%20ACR2142SF,momo
0,家電,PHILIPS ACR2142SF,【Philips 飛利浦】1+1超值組-負離子淨化 4.5公升水冷扇 定時 液晶觸控顯示-可遙控(ACR2122C+ACR2142SF),5200,https://www.momoshop.com.tw/goods/GoodsDetail.jsp?i_code=11445479&Area=search&oid=1_4&cid=index&kw=PHILIPS%20ACR2142SF,momo
0,家電,PHILIPS ACR2142SF,【Philips 飛利浦】12吋 可定時窄邊框時尚美型風扇 7片扇葉設計(ACR2142SF),1499,https://www.momoshop.com.tw/goods/GoodsDetail.jsp?i_code=11158349&Area=search&oid=1_5&cid=index&kw=PHILIPS%20ACR2142SF,momo
0,家電,dyson hd08,【dyson 戴森】HD08 Origin Supersonic 全新版 吹風機 溫控 負離子(黑鋼色 平裝版 全新上市),10000,https://www.momoshop.com.tw/goods/GoodsDetail.jsp?i_code=12511320&Area=search&oid=1_1&cid=index&kw=dyson%20hd08,momo
0,家電,dyson hd08,【dyson 戴森】Supersonic HD08 全新版 吹風機 溫控 負離子(全桃紅色 新品上市),10888,https://www.momoshop.com.tw/goods/GoodsDetail.jsp?i_code=10795894&Area=search&oid=1_2&cid=index&kw=dyson%20hd08,momo
0,家電,dyson hd08,【dyson 戴森】HD08 Origin Supersonic 全新版 吹風機 溫控 負離子(黑鋼色 平裝版)(超值組),18888,https://www.momoshop.com.tw/goods/GoodsDetail.jsp?i_code=12511340&Area=search&oid=1_3&cid=index&kw=dyson%20hd08,momo
0,家電,dyson hd08,【dyson 戴森 限量福利品】HD08 Supersonic 全新版 吹風機 溫控 負離子(全桃紅色),9900,https://www.momoshop.com.tw/goods/GoodsDetail.jsp?i_code=12745341&Area=search&oid=1_4&cid=index&kw=dyson%20hd08,momo
0,家電,dyson hd08,【dyson 戴森】HD08 Origin Supersonic 吹風機 溫控 負離子(瑰麗紅色 平裝版),9999,https://www.momoshop.com.tw/goods/GoodsDetail.jsp?i_code=12740285&Area=search&oid=1_5&cid=index&kw=dyson%20hd08,momo
0,家電,PHILIPS HR2601,【Philips 飛利浦】迷你活氧果汁機(HR2601),1288,https://www.momoshop.com.tw/goods/GoodsDetail.jsp?i_code=7624531&Area=search&oid=1_1&cid=index&kw=PHILIPS%20HR2601,momo
0,家電,PHILIPS HR2601,None,None,None,momo
0,家電,PHILIPS HR2601,None,None,None,momo
0,家電,PHILIPS HR2601,None,None,None,momo
0,家電,PHILIPS HR2601,None,None,None,momo
0,家電,DAIKIN MCZ70YSCT,【DAIKIN 大金】旗艦美肌保濕空氣清淨除濕機(MCZ70YSCT),39800,https://www.momoshop.com.tw/goods/GoodsDetail.jsp?i_code=11627093&Area=search&oid=1_1&cid=index&kw=DAIKIN%20MCZ70YSCT,momo
0,家電,DAIKIN MCZ70YSCT,【RENZA】適用 Daikin 大金 MCZ70YSCT 頂級閃流放電美肌保濕型 空氣清淨機(HEPA濾網+活性碳濾網 濾芯 濾心),1808,https://www.momoshop.com.tw/goods/GoodsDetail.jsp?i_code=12216503&Area=search&oid=1_2&cid=index&kw=DAIKIN%20MCZ70YSCT,momo
0,家電,DAIKIN MCZ70YSCT,None,None,None,momo
0,家電,DAIKIN MCZ70YSCT,None,None,None,momo
0,家電,DAIKIN MCZ70YSCT,None,None,None,momo
0,日用消耗品,五月花厚棒抽取式衛生紙(90抽x10包/袋),【朵舒】momoco舒適柔韌抽取式衛生紙(150抽x10包x8袋/箱),899,https://www.momoshop.com.tw/goods/GoodsDetail.jsp?i_code=8531746&Area=search&oid=1_1&cid=index&kw=%E4%BA%94%E6%9C%88%E8%8A%B1%E5%8E%9A%E6%A3%92%E6%8A%BD%E5%8F%96%E5%BC%8F%E8%A1%9B%E7%94%9F%E7%B4%99(90%E6%8A%BDx10%E5%8C%85%2F%E8%A2%8B),momo
0,日用消耗品,五月花厚棒抽取式衛生紙(90抽x10包/袋),【MAY FLOWER 五月花】厚棒抽取式衛生紙 90抽x10包/串,349,https://www.momoshop.com.tw/goods/GoodsDetail.jsp?i_code=9455753&Area=search&oid=1_2&cid=index&kw=%E4%BA%94%E6%9C%88%E8%8A%B1%E5%8E%9A%E6%A3%92%E6%8A%BD%E5%8F%96%E5%BC%8F%E8%A1%9B%E7%94%9F%E7%B4%99(90%E6%8A%BDx10%E5%8C%85%2F%E8%A2%8B),momo
0,日用消耗品,五月花厚棒抽取式衛生紙(90抽x10包/袋),【MAY FLOWER 五月花】厚棒抽取式衛生紙(90抽x60包),1299,https://www.momoshop.com.tw/goods/GoodsDetail.jsp?i_code=6532205&Area=search&oid=1_3&cid=index&kw=%E4%BA%94%E6%9C%88%E8%8A%B1%E5%8E%9A%E6%A3%92%E6%8A%BD%E5%8F%96%E5%BC%8F%E8%A1%9B%E7%94%9F%E7%B4%99(90%E6%8A%BDx10%E5%8C%85%2F%E8%A2%8B),momo
0,日用消耗品,五月花厚棒抽取式衛生紙(90抽x10包/袋),【MAY FLOWER 五月花】厚棒抽取式衛生紙-輕巧箱(90抽x16包),429,https://www.momoshop.com.tw/goods/GoodsDetail.jsp?i_code=9894014&Area=search&oid=1_4&cid=index&kw=%E4%BA%94%E6%9C%88%E8%8A%B1%E5%8E%9A%E6%A3%92%E6%8A%BD%E5%8F%96%E5%BC%8F%E8%A1%9B%E7%94%9F%E7%B4%99(90%E6%8A%BDx10%E5%8C%85%2F%E8%A2%8B),momo
0,日用消耗品,五月花厚棒抽取式衛生紙(90抽x10包/袋),【MAY FLOWER 五月花】厚棒抽取式衛生紙 60抽x6包/串,199,https://www.momoshop.com.tw/goods/GoodsDetail.jsp?i_code=9455029&Area=search&oid=1_5&cid=index&kw=%E4%BA%94%E6%9C%88%E8%8A%B1%E5%8E%9A%E6%A3%92%E6%8A%BD%E5%8F%96%E5%BC%8F%E8%A1%9B%E7%94%9F%E7%B4%99(90%E6%8A%BDx10%E5%8C%85%2F%E8%A2%8B),momo
0,日用消耗品,妙管家 強效洗衣粉,【妙管家】強效洗衣粉(10kgx5入),1199,https://www.momoshop.com.tw/goods/GoodsDetail.jsp?i_code=6477105&Area=search&oid=1_1&cid=index&kw=%E5%A6%99%E7%AE%A1%E5%AE%B6%20%E5%BC%B7%E6%95%88%E6%B4%97%E8%A1%A3%E7%B2%89,momo
0,日用消耗品,妙管家 強效洗衣粉,【妙管家】強效洗衣粉(4.5kg),139,https://www.momoshop.com.tw/goods/GoodsDetail.jsp?i_code=3613936&Area=search&oid=1_2&cid=index&kw=%E5%A6%99%E7%AE%A1%E5%AE%B6%20%E5%BC%B7%E6%95%88%E6%B4%97%E8%A1%A3%E7%B2%89,momo
0,日用消耗品,妙管家 強效洗衣粉,【妙管家】強效洗衣粉(10kg),304,https://www.momoshop.com.tw/goods/GoodsDetail.jsp?i_code=1036541&Area=search&oid=1_3&cid=index&kw=%E5%A6%99%E7%AE%A1%E5%AE%B6%20%E5%BC%B7%E6%95%88%E6%B4%97%E8%A1%A3%E7%B2%89,momo
0,日用消耗品,妙管家 強效洗衣粉,【妙管家】強效洗衣粉(10kgx3入),780,https://www.momoshop.com.tw/goods/GoodsDetail.jsp?i_code=5352031&Area=search&oid=1_4&cid=index&kw=%E5%A6%99%E7%AE%A1%E5%AE%B6%20%E5%BC%B7%E6%95%88%E6%B4%97%E8%A1%A3%E7%B2%89,momo
0,日用消耗品,妙管家 強效洗衣粉,【妙管家】強效/活氧洗衣粉4.5kg x4/箱(兩款任選),499,https://www.momoshop.com.tw/goods/GoodsDetail.jsp?i_code=7248028&Area=search&oid=1_5&cid=index&kw=%E5%A6%99%E7%AE%A1%E5%AE%B6%20%E5%BC%B7%E6%95%88%E6%B4%97%E8%A1%A3%E7%B2%89,momo
0,日用消耗品,舒酸定 強化琺瑯質牙膏,【SENSODYNE 舒酸定】進階護理 強化琺瑯質牙膏110gX3入(清新薄荷),329,https://www.momoshop.com.tw/goods/GoodsDetail.jsp?i_code=6729558&Area=search&oid=1_1&cid=index&kw=%E8%88%92%E9%85%B8%E5%AE%9A%20%E5%BC%B7%E5%8C%96%E7%90%BA%E7%91%AF%E8%B3%AA%E7%89%99%E8%86%8F,momo
0,日用消耗品,舒酸定 強化琺瑯質牙膏,【SENSODYNE 舒酸定】進階護理 強化琺瑯質牙膏65gX3入(兒童牙膏),229,https://www.momoshop.com.tw/goods/GoodsDetail.jsp?i_code=5767758&Area=search&oid=1_2&cid=index&kw=%E8%88%92%E9%85%B8%E5%AE%9A%20%E5%BC%B7%E5%8C%96%E7%90%BA%E7%91%AF%E8%B3%AA%E7%89%99%E8%86%8F,momo
0,日用消耗品,舒酸定 強化琺瑯質牙膏,【SENSODYNE 舒酸定】進階護理 強化琺瑯質牙膏65gX7入(兒童牙膏),519,https://www.momoshop.com.tw/goods/GoodsDetail.jsp?i_code=7432969&Area=search&oid=1_3&cid=index&kw=%E8%88%92%E9%85%B8%E5%AE%9A%20%E5%BC%B7%E5%8C%96%E7%90%BA%E7%91%AF%E8%B3%AA%E7%89%99%E8%86%8F,momo
0,日用消耗品,舒酸定 強化琺瑯質牙膏,【SENSODYNE 舒酸定】進階護理 強化琺瑯質牙膏65gX1入(兒童牙膏),89,https://www.momoshop.com.tw/goods/GoodsDetail.jsp?i_code=5963430&Area=search&oid=1_4&cid=index&kw=%E8%88%92%E9%85%B8%E5%AE%9A%20%E5%BC%B7%E5%8C%96%E7%90%BA%E7%91%AF%E8%B3%AA%E7%89%99%E8%86%8F,momo
0,日用消耗品,舒酸定 強化琺瑯質牙膏,None,None,None,momo
0,日用消耗品,熊寶貝 衣物香氛袋,【熊寶貝】衣物香氛袋_3入/盒(7種香氛任選),79,https://www.momoshop.com.tw/goods/GoodsDetail.jsp?i_code=12012123&Area=search&oid=1_1&cid=index&kw=%E7%86%8A%E5%AF%B6%E8%B2%9D%20%E8%A1%A3%E7%89%A9%E9%A6%99%E6%B0%9B%E8%A2%8B,momo
0,日用消耗品,熊寶貝 衣物香氛袋,【熊寶貝】植萃衣物香氛袋 3包/盒x2件組(玫瑰/茉莉/小蒼蘭),189,https://www.momoshop.com.tw/goods/GoodsDetail.jsp?i_code=7667213&Area=search&oid=1_2&cid=index&kw=%E7%86%8A%E5%AF%B6%E8%B2%9D%20%E8%A1%A3%E7%89%A9%E9%A6%99%E6%B0%9B%E8%A2%8B,momo
0,日用消耗品,熊寶貝 衣物香氛袋,【熊寶貝】衣物香氛袋_3入/盒(9種香氛任選),79,https://www.momoshop.com.tw/goods/GoodsDetail.jsp?i_code=7639207&Area=search&oid=1_3&cid=index&kw=%E7%86%8A%E5%AF%B6%E8%B2%9D%20%E8%A1%A3%E7%89%A9%E9%A6%99%E6%B0%9B%E8%A2%8B,momo
0,日用消耗品,熊寶貝 衣物香氛袋,【熊寶貝】植萃衣物香氛袋 3包/盒(玫瑰/茉莉/山茶花/櫻花/小蒼蘭/藍風鈴),99,https://www.momoshop.com.tw/goods/GoodsDetail.jsp?i_code=7630315&Area=search&oid=1_4&cid=index&kw=%E7%86%8A%E5%AF%B6%E8%B2%9D%20%E8%A1%A3%E7%89%A9%E9%A6%99%E6%B0%9B%E8%A2%8B,momo
0,日用消耗品,熊寶貝 衣物香氛袋,None,None,None,momo
0,日用消耗品,566香氛洗髮精,【566】抗菌香氛洗髮精/潤髮乳-補充包580g(白麝香潤澤/小蒼蘭抗屑/玫瑰養髮 任選),69,https://www.momoshop.com.tw/goods/GoodsDetail.jsp?i_code=8949996&Area=search&oid=1_1&cid=index&kw=566%E9%A6%99%E6%B0%9B%E6%B4%97%E9%AB%AE%E7%B2%BE,momo
0,日用消耗品,566香氛洗髮精,【566】抗菌香氛洗髮精800gx2(金朵茉莉/白麝香/小蒼蘭/玫瑰/琥珀麝香 任選),209,https://www.momoshop.com.tw/goods/GoodsDetail.jsp?i_code=8784003&Area=search&oid=1_2&cid=index&kw=566%E9%A6%99%E6%B0%9B%E6%B4%97%E9%AB%AE%E7%B2%BE,momo
0,日用消耗品,566香氛洗髮精,【566】抗菌香氛洗髮精800gx5(金朵茉莉保濕/白麝香潤澤/小蒼蘭抗屑/玫瑰養髮 四款任選),529,https://www.momoshop.com.tw/goods/GoodsDetail.jsp?i_code=8771819&Area=search&oid=1_3&cid=index&kw=566%E9%A6%99%E6%B0%9B%E6%B4%97%E9%AB%AE%E7%B2%BE,momo
0,日用消耗品,566香氛洗髮精,【566】抗菌香氛洗髮精800gx4(多款任選),459,https://www.momoshop.com.tw/goods/GoodsDetail.jsp?i_code=11218671&Area=search&oid=1_4&cid=index&kw=566%E9%A6%99%E6%B0%9B%E6%B4%97%E9%AB%AE%E7%B2%BE,momo
0,日用消耗品,566香氛洗髮精,【566】抗菌香氛洗髮精/潤髮乳補充包580gx12(白麝香、小蒼蘭、玫瑰 任選),845,https://www.momoshop.com.tw/goods/GoodsDetail.jsp?i_code=9386137&Area=search&oid=1_5&cid=index&kw=566%E9%A6%99%E6%B0%9B%E6%B4%97%E9%AB%AE%E7%B2%BE,momo
0,家具,E-home Bruce 旋轉休閒餐椅,【E-home】Bruce布魯斯布面實木腳旋轉休閒餐椅 2色可選(網美椅 會客椅 美甲 高背),1280,https://www.momoshop.com.tw/goods/GoodsDetail.jsp?i_code=11382433&Area=search&oid=1_1&cid=index&kw=E-home%20Bruce%20%E6%97%8B%E8%BD%89%E4%BC%91%E9%96%92%E9%A4%90%E6%A4%85,momo
0,家具,E-home Bruce 旋轉休閒餐椅,None,None,None,momo
0,家具,E-home Bruce 旋轉休閒餐椅,None,None,None,momo
0,家具,E-home Bruce 旋轉休閒餐椅,None,None,None,momo
0,家具,E-home Bruce 旋轉休閒餐椅,None,None,None,momo
0,家具,3M NZ250,【3M】發熱纖維可水洗四季被NZ250(標準雙人6x7),5490,https://www.momoshop.com.tw/goods/GoodsDetail.jsp?i_code=5052829&Area=search&oid=1_1&cid=index&kw=3M%20NZ250,momo
0,家具,3M NZ250,【3M】發熱纖維可水洗四季被NZ250(標準單人5x7),4990,https://www.momoshop.com.tw/goods/GoodsDetail.jsp?i_code=5052815&Area=search&oid=1_2&cid=index&kw=3M%20NZ250,momo
0,家具,3M NZ250,【3M】發熱纖維可水洗四季被NZ250(雙人加大8x7),5990,https://www.momoshop.com.tw/goods/GoodsDetail.jsp?i_code=5052833&Area=search&oid=1_3&cid=index&kw=3M%20NZ250,momo
0,家具,3M NZ250,【3M】發熱纖維四季被NZ250-標準單人5x7+保潔墊枕套1入,4890,https://www.momoshop.com.tw/goods/GoodsDetail.jsp?i_code=10768260&Area=search&oid=1_4&cid=index&kw=3M%20NZ250,momo
0,家具,3M NZ250,【3M】發熱纖維可水洗四季被NZ250-標準雙人(尾牙超值3入組),13323,https://www.momoshop.com.tw/goods/GoodsDetail.jsp?i_code=6346570&Area=search&oid=1_5&cid=index&kw=3M%20NZ250,momo
0,家具,AOTTO 床邊 升降桌,【AOTTO】型錄 床邊沙發可升降附輪邊桌-60CM(懶人桌 升降桌 電腦桌 邊几),374,https://www.momoshop.com.tw/goods/GoodsDetail.jsp?i_code=10669038&Area=search&oid=1_1&cid=index&kw=AOTTO%20%E5%BA%8A%E9%82%8A%20%E5%8D%87%E9%99%8D%E6%A1%8C,momo
0,家具,AOTTO 床邊 升降桌,【AOTTO】床邊沙發可升降附輪邊桌-60CM(懶人桌 升降桌 電腦桌 邊几),379,https://www.momoshop.com.tw/goods/GoodsDetail.jsp?i_code=9929673&Area=search&oid=1_2&cid=index&kw=AOTTO%20%E5%BA%8A%E9%82%8A%20%E5%8D%87%E9%99%8D%E6%A1%8C,momo
0,家具,AOTTO 床邊 升降桌,【AOTTO】2入組-床邊沙發可升降附輪邊桌(懶人桌 升降桌 電腦桌 邊几),750,https://www.momoshop.com.tw/goods/GoodsDetail.jsp?i_code=10788049&Area=search&oid=1_3&cid=index&kw=AOTTO%20%E5%BA%8A%E9%82%8A%20%E5%8D%87%E9%99%8D%E6%A1%8C,momo
0,家具,AOTTO 床邊 升降桌,None,None,None,momo
0,家具,AOTTO 床邊 升降桌,None,None,None,momo
0,家具,YAMAZAKI 刀具砧板架,【YAMAZAKI】Plate日系框型砧板架(砧板架/刀具砧板收納/砧板刀具瀝水架),435,https://www.momoshop.com.tw/goods/GoodsDetail.jsp?i_code=3887874&Area=search&oid=1_1&cid=index&kw=YAMAZAKI%20%E5%88%80%E5%85%B7%E7%A0%A7%E6%9D%BF%E6%9E%B6,momo
0,家具,YAMAZAKI 刀具砧板架,【YAMAZAKI】Kirie典雅雕花刀具砧板架-白(砧板架/刀具砧板收納/刀具收納/砧板刀具瀝水架),569,https://www.momoshop.com.tw/goods/GoodsDetail.jsp?i_code=3809463&Area=search&oid=1_2&cid=index&kw=YAMAZAKI%20%E5%88%80%E5%85%B7%E7%A0%A7%E6%9D%BF%E6%9E%B6,momo
0,家具,YAMAZAKI 刀具砧板架,【YAMAZAKI】tower磁吸式砧板架-白(砧板架/刀具架/砧板刀具收納/砧板刀具瀝水架),621,https://www.momoshop.com.tw/goods/GoodsDetail.jsp?i_code=9085032&Area=search&oid=1_3&cid=index&kw=YAMAZAKI%20%E5%88%80%E5%85%B7%E7%A0%A7%E6%9D%BF%E6%9E%B6,momo
0,家具,YAMAZAKI 刀具砧板架,【YAMAZAKI】Plate刀具砧板架(砧板架/刀具砧板收納/刀具收納/砧板刀具瀝水架),751,https://www.momoshop.com.tw/goods/GoodsDetail.jsp?i_code=3887871&Area=search&oid=1_4&cid=index&kw=YAMAZAKI%20%E5%88%80%E5%85%B7%E7%A0%A7%E6%9D%BF%E6%9E%B6,momo
0,家具,YAMAZAKI 刀具砧板架,【YAMAZAKI】Plate層板砧板架(砧板架/刀具架/砧板刀具收納/砧板刀具瀝水架),751,https://www.momoshop.com.tw/goods/GoodsDetail.jsp?i_code=9573542&Area=search&oid=1_5&cid=index&kw=YAMAZAKI%20%E5%88%80%E5%85%B7%E7%A0%A7%E6%9D%BF%E6%9E%B6,momo
0,家具,FUDOGIKEN 五層 鞋架,【日本FUDOGIKEN】日本製五層收納鞋架/雨傘收納架(33.8×29.6x99cm),1099,https://www.momoshop.com.tw/goods/GoodsDetail.jsp?i_code=10911365&Area=search&oid=1_1&cid=index&kw=FUDOGIKEN%20%E4%BA%94%E5%B1%A4%20%E9%9E%8B%E6%9E%B6,momo
0,家具,FUDOGIKEN 五層 鞋架,【日本FUDOGIKEN】日本製五層收納鞋架/雨傘收納架(33.8×29.6x99cm),1099,https://www.momoshop.com.tw/goods/GoodsDetail.jsp?i_code=10924093&Area=search&oid=1_2&cid=index&kw=FUDOGIKEN%20%E4%BA%94%E5%B1%A4%20%E9%9E%8B%E6%9E%B6,momo
0,家具,FUDOGIKEN 五層 鞋架,None,None,None,momo
0,家具,FUDOGIKEN 五層 鞋架,None,None,None,momo
0,家具,FUDOGIKEN 五層 鞋架,None,None,None,momo
0,文具,雄獅 彩色筆 36色,【SIMBALION 雄獅文具】BP36/36 36色 軟頭彩色筆,295,https://www.momoshop.com.tw/goods/GoodsDetail.jsp?i_code=8345665&Area=search&oid=1_1&cid=index&kw=%E9%9B%84%E7%8D%85%20%E5%BD%A9%E8%89%B2%E7%AD%86%2036%E8%89%B2,momo
0,文具,雄獅 彩色筆 36色,【SIMBALION 雄獅文具】HAM-36 毛毛獸彩色筆(36色),209,https://www.momoshop.com.tw/goods/GoodsDetail.jsp?i_code=7497577&Area=search&oid=1_2&cid=index&kw=%E9%9B%84%E7%8D%85%20%E5%BD%A9%E8%89%B2%E7%AD%86%2036%E8%89%B2,momo
0,文具,雄獅 彩色筆 36色,【雄獅x奶油獅】BLM-36B 奶油獅36色彩色筆,234,https://www.momoshop.com.tw/goods/GoodsDetail.jsp?i_code=5120355&Area=search&oid=1_3&cid=index&kw=%E9%9B%84%E7%8D%85%20%E5%BD%A9%E8%89%B2%E7%AD%86%2036%E8%89%B2,momo
0,文具,雄獅 彩色筆 36色,【SIMBALION 雄獅文具】BLW-36/B 奶油獅36色可水洗彩色筆(1入1包),313,https://www.momoshop.com.tw/goods/GoodsDetail.jsp?i_code=8099084&Area=search&oid=1_4&cid=index&kw=%E9%9B%84%E7%8D%85%20%E5%BD%A9%E8%89%B2%E7%AD%86%2036%E8%89%B2,momo
0,文具,雄獅 彩色筆 36色,【雄獅x奶油獅】BLW-36/B 奶油獅36色可水洗彩色筆,271,https://www.momoshop.com.tw/goods/GoodsDetail.jsp?i_code=5120362&Area=search&oid=1_5&cid=index&kw=%E9%9B%84%E7%8D%85%20%E5%BD%A9%E8%89%B2%E7%AD%86%2036%E8%89%B2,momo
0,文具,MAYART A4 25張,【彩之舞】亮面噴墨貼紙-防水130g A4 25張/盒 HY-B45x2盒(噴墨紙、防水、A4、貼紙),540,https://www.momoshop.com.tw/goods/GoodsDetail.jsp?i_code=4260120&Area=search&oid=1_1&cid=index&kw=MAYART%20A4%2025%E5%BC%B5,momo
0,文具,MAYART A4 25張,【彩之舞】雪面噴墨貼紙-防水0.12mm A4 25張/包 HY-A45x2包(噴墨紙、防水、A4、貼紙),400,https://www.momoshop.com.tw/goods/GoodsDetail.jsp?i_code=12026421&Area=search&oid=1_2&cid=index&kw=MAYART%20A4%2025%E5%BC%B5,momo
0,文具,MAYART A4 25張,【彩之舞】雪面噴墨貼紙-防水0.12mm A4 25張/包 HY-A45x3包(噴墨紙、防水、A4、貼紙),600,https://www.momoshop.com.tw/goods/GoodsDetail.jsp?i_code=4260016&Area=search&oid=1_3&cid=index&kw=MAYART%20A4%2025%E5%BC%B5,momo
0,文具,MAYART A4 25張,【彩之舞】RC亮面 高畫質數位相紙-防水270g A4 25張/包 HY-B65x2包(噴墨紙、防水、A4、相片紙),560,https://www.momoshop.com.tw/goods/GoodsDetail.jsp?i_code=4260130&Area=search&oid=1_4&cid=index&kw=MAYART%20A4%2025%E5%BC%B5,momo
0,文具,MAYART A4 25張,【CLEAN 克林】Kirara希望星系列 日本進口古樸紙 A4 25枚/包(美術紙 美學紙 美術美勞 設計 紙品 零售),171,https://www.momoshop.com.tw/goods/GoodsDetail.jsp?i_code=10257138&Area=search&oid=1_5&cid=index&kw=MAYART%20A4%2025%E5%BC%B5,momo
0,文具,3M 隱形膠帶 19mm,【3M】Scotch 隱形膠帶 可書寫 可手撕 19mm x 32.9M 12捲/支 810-3/4,935,https://www.momoshop.com.tw/goods/GoodsDetail.jsp?i_code=12004225&Area=search&oid=1_1&cid=index&kw=3M%20%E9%9A%B1%E5%BD%A2%E8%86%A0%E5%B8%B6%2019mm,momo
0,文具,3M 隱形膠帶 19mm,【3M】Scotch 隱形膠帶 可書寫 可手撕 19mm x 32.9M 12捲/支(810-3/4),1150,https://www.momoshop.com.tw/goods/GoodsDetail.jsp?i_code=11078574&Area=search&oid=1_2&cid=index&kw=3M%20%E9%9A%B1%E5%BD%A2%E8%86%A0%E5%B8%B6%2019mm,momo
0,文具,3M 隱形膠帶 19mm,None,None,None,momo
0,文具,3M 隱形膠帶 19mm,None,None,None,momo
0,文具,3M 隱形膠帶 19mm,None,None,None,momo
0,文具,飛龍 橡皮擦 標準型 6入,【Pentel 飛龍】ZEH-10 標準型塑膠擦 中(6入1包),102,https://www.momoshop.com.tw/goods/GoodsDetail.jsp?i_code=8031907&Area=search&oid=1_1&cid=index&kw=%E9%A3%9B%E9%BE%8D%20%E6%A9%A1%E7%9A%AE%E6%93%A6%20%E6%A8%99%E6%BA%96%E5%9E%8B%206%E5%85%A5,momo
0,文具,飛龍 橡皮擦 標準型 6入,None,None,None,momo
0,文具,飛龍 橡皮擦 標準型 6入,None,None,None,momo
0,文具,飛龍 橡皮擦 標準型 6入,None,None,None,momo
0,文具,飛龍 橡皮擦 標準型 6入,None,None,None,momo
0,文具,SDI CT-206R 6mm 替換帶 10入,【SDI 手牌】i-PUSH 輕鬆按 修正帶 替換帶 替芯 6mm x 6M 10個入/盒(CT-206R),240,https://www.momoshop.com.tw/goods/GoodsDetail.jsp?i_code=11272039&Area=search&oid=1_1&cid=index&kw=SDI%20CT-206R%206mm%20%E6%9B%BF%E6%8F%9B%E5%B8%B6%2010%E5%85%A5,momo
0,文具,SDI CT-206R 6mm 替換帶 10入,None,None,None,momo
0,文具,SDI CT-206R 6mm 替換帶 10入,None,None,None,momo
0,文具,SDI CT-206R 6mm 替換帶 10入,None,None,None,momo
0,文具,SDI CT-206R 6mm 替換帶 10入,None,None,None,momo
0,美妝,DHC 高保濕純欖護唇膏,高保濕純欖護唇膏1.5g_兩入組(高保濕版),840,https://www.momoshop.com.tw/goods/GoodsDetail.jsp?i_code=8454173&Area=search&oid=1_1&cid=index&kw=DHC%20%E9%AB%98%E4%BF%9D%E6%BF%95%E7%B4%94%E6%AC%96%E8%AD%B7%E5%94%87%E8%86%8F,momo
0,美妝,DHC 高保濕純欖護唇膏,【DHC】高保濕純欖護唇組(高保濕純橄欖1.5g*2+純橄欖護唇霜7.5g*1),1220,https://www.momoshop.com.tw/goods/GoodsDetail.jsp?i_code=8857810&Area=search&oid=1_2&cid=index&kw=DHC%20%E9%AB%98%E4%BF%9D%E6%BF%95%E7%B4%94%E6%AC%96%E8%AD%B7%E5%94%87%E8%86%8F,momo
0,美妝,DHC 高保濕純欖護唇膏,None,None,None,momo
0,美妝,DHC 高保濕純欖護唇膏,None,None,None,momo
0,美妝,DHC 高保濕純欖護唇膏,None,None,None,momo
0,美妝,L’OCCITANE 護手霜 三件,【歐舒丹】護手霜30ml三件組(乳木果/玫瑰/櫻花/國際航空版),899,https://www.momoshop.com.tw/goods/GoodsDetail.jsp?i_code=12530266&Area=search&oid=1_1&cid=index&kw=L%E2%80%99OCCITANE%20%E8%AD%B7%E6%89%8B%E9%9C%9C%20%E4%B8%89%E4%BB%B6,momo
0,美妝,L’OCCITANE 護手霜 三件,None,None,None,momo
0,美妝,L’OCCITANE 護手霜 三件,None,None,None,momo
0,美妝,L’OCCITANE 護手霜 三件,None,None,None,momo
0,美妝,L’OCCITANE 護手霜 三件,None,None,None,momo
0,美妝,Innisfree 礦物 蜜粉,【INNISFREE】無油無慮礦物控油蜜粉5g,250,https://www.momoshop.com.tw/goods/GoodsDetail.jsp?i_code=9208269&Area=search&oid=1_1&cid=index&kw=Innisfree%20%E7%A4%A6%E7%89%A9%20%E8%9C%9C%E7%B2%89,momo
0,美妝,Innisfree 礦物 蜜粉,【INNISFREE】無油無慮礦物控油蜜粉5g(3入囤貨組),449,https://www.momoshop.com.tw/goods/GoodsDetail.jsp?i_code=12552888&Area=search&oid=1_2&cid=index&kw=Innisfree%20%E7%A4%A6%E7%89%A9%20%E8%9C%9C%E7%B2%89,momo
0,美妝,Innisfree 礦物 蜜粉,【innisfree】無油無慮礦物控油蜜粉 5g(2023新版_平行輸入),157,https://www.momoshop.com.tw/goods/GoodsDetail.jsp?i_code=11539263&Area=search&oid=1_3&cid=index&kw=Innisfree%20%E7%A4%A6%E7%89%A9%20%E8%9C%9C%E7%B2%89,momo
0,美妝,Innisfree 礦物 蜜粉,【INNISFREE】無油無慮礦物控油蜜粉5g(2入組),500,https://www.momoshop.com.tw/goods/GoodsDetail.jsp?i_code=12652183&Area=search&oid=1_4&cid=index&kw=Innisfree%20%E7%A4%A6%E7%89%A9%20%E8%9C%9C%E7%B2%89,momo
0,美妝,Innisfree 礦物 蜜粉,【INNISFREE】無油無慮礦物控油蜜粉餅 8.5g,420,https://www.momoshop.com.tw/goods/GoodsDetail.jsp?i_code=7637650&Area=search&oid=1_5&cid=index&kw=Innisfree%20%E7%A4%A6%E7%89%A9%20%E8%9C%9C%E7%B2%89,momo
0,美妝,LANCOME 蘭蔻 零粉感 持久粉底 SPF38/PA+++ 30ml,【LANCOME 蘭蔻】零粉感超持久粉底SPF38/PA+++ PO-01&BO-01各1瓶加贈旅行組(專櫃公司貨),4000,https://www.momoshop.com.tw/goods/GoodsDetail.jsp?i_code=12289304&Area=search&oid=1_1&cid=index&kw=LANCOME%20%E8%98%AD%E8%94%BB%20%E9%9B%B6%E7%B2%89%E6%84%9F%20%E6%8C%81%E4%B9%85%E7%B2%89%E5%BA%95%20SPF38%2FPA%2B%2B%2B%2030ml,momo
0,美妝,LANCOME 蘭蔻 零粉感 持久粉底 SPF38/PA+++ 30ml,【LANCOME 蘭蔻】零粉感超持久粉底 SPF48 PA++ 30ml(百貨專櫃貨),1880,https://www.momoshop.com.tw/goods/GoodsDetail.jsp?i_code=12215019&Area=search&oid=1_2&cid=index&kw=LANCOME%20%E8%98%AD%E8%94%BB%20%E9%9B%B6%E7%B2%89%E6%84%9F%20%E6%8C%81%E4%B9%85%E7%B2%89%E5%BA%95%20SPF38%2FPA%2B%2B%2B%2030ml,momo
0,美妝,LANCOME 蘭蔻 零粉感 持久粉底 SPF38/PA+++ 30ml,【LANCOME 蘭蔻】零粉感超持久粉底 30ML（專櫃公司貨）,1980,https://www.momoshop.com.tw/goods/GoodsDetail.jsp?i_code=11856486&Area=search&oid=1_3&cid=index&kw=LANCOME%20%E8%98%AD%E8%94%BB%20%E9%9B%B6%E7%B2%89%E6%84%9F%20%E6%8C%81%E4%B9%85%E7%B2%89%E5%BA%95%20SPF38%2FPA%2B%2B%2B%2030ml,momo
0,美妝,LANCOME 蘭蔻 零粉感 持久粉底 SPF38/PA+++ 30ml,【蘭蔻】官方直營 零粉感超持久粉底SPF48/PA++ 30ml(LANCOME/零粉感/粉底/新升級),2115,https://www.momoshop.com.tw/goods/GoodsDetail.jsp?i_code=12613874&Area=search&oid=1_4&cid=index&kw=LANCOME%20%E8%98%AD%E8%94%BB%20%E9%9B%B6%E7%B2%89%E6%84%9F%20%E6%8C%81%E4%B9%85%E7%B2%89%E5%BA%95%20SPF38%2FPA%2B%2B%2B%2030ml,momo
0,美妝,LANCOME 蘭蔻 零粉感 持久粉底 SPF38/PA+++ 30ml,【LANCOME 蘭蔻】零粉感光澤持妝粉底 30ml(專櫃公司貨/多款任選/PO-02/B-01/BO-01/P-01),1760,https://www.momoshop.com.tw/goods/GoodsDetail.jsp?i_code=12102486&Area=search&oid=1_5&cid=index&kw=LANCOME%20%E8%98%AD%E8%94%BB%20%E9%9B%B6%E7%B2%89%E6%84%9F%20%E6%8C%81%E4%B9%85%E7%B2%89%E5%BA%95%20SPF38%2FPA%2B%2B%2B%2030ml,momo
0,美妝,Dasique 九宮格眼影盤,【Dasique】九宮格眼影盤(韓國小眾品牌 SNS話題款),549,https://www.momoshop.com.tw/goods/GoodsDetail.jsp?i_code=11319695&Area=search&oid=1_1&cid=index&kw=Dasique%20%E4%B9%9D%E5%AE%AE%E6%A0%BC%E7%9C%BC%E5%BD%B1%E7%9B%A4,momo
0,美妝,Dasique 九宮格眼影盤,【Dasique】九宮格眼影盤(韓國官方授權正品保證),699,https://www.momoshop.com.tw/goods/GoodsDetail.jsp?i_code=10355872&Area=search&oid=1_2&cid=index&kw=Dasique%20%E4%B9%9D%E5%AE%AE%E6%A0%BC%E7%9C%BC%E5%BD%B1%E7%9B%A4,momo
0,美妝,Dasique 九宮格眼影盤,【Dasique】2023新色 溫柔超級美九宮格眼影盤(眼妝 眼影 眼影盤 9宮格眼影盤 大地色 臥蠶 眼線 交換禮物),687,https://www.momoshop.com.tw/goods/GoodsDetail.jsp?i_code=12013371&Area=search&oid=1_3&cid=index&kw=Dasique%20%E4%B9%9D%E5%AE%AE%E6%A0%BC%E7%9C%BC%E5%BD%B1%E7%9B%A4,momo
0,美妝,Dasique 九宮格眼影盤,【韓國Dasique】九宮格眼影盤7g(色號任選),699,https://www.momoshop.com.tw/goods/GoodsDetail.jsp?i_code=8888306&Area=search&oid=1_4&cid=index&kw=Dasique%20%E4%B9%9D%E5%AE%AE%E6%A0%BC%E7%9C%BC%E5%BD%B1%E7%9B%A4,momo
0,美妝,Dasique 九宮格眼影盤,【Dasique】2023新色 聖誕節九宮格眼影盤(韓國眼妝 眼影 眼影盤 9宮格眼影盤 大地色 臥蠶 眼線 交換禮物),699,https://www.momoshop.com.tw/goods/GoodsDetail.jsp?i_code=11991965&Area=search&oid=1_5&cid=index&kw=Dasique%20%E4%B9%9D%E5%AE%AE%E6%A0%BC%E7%9C%BC%E5%BD%B1%E7%9B%A4,momo
0,書籍,哈利波特 1-7集,哈利波特1－7（七冊合售）,3215,https://www.momoshop.com.tw/goods/GoodsDetail.jsp?i_code=10435849&Area=search&oid=1_1&cid=index&kw=%E5%93%88%E5%88%A9%E6%B3%A2%E7%89%B9%201-7%E9%9B%86,momo
0,書籍,哈利波特 1-7集,【哈利波特】八吋時尚人偶-張秋(哈利波特玩具),82,https://www.momoshop.com.tw/goods/GoodsDetail.jsp?i_code=9559678&Area=search&oid=1_2&cid=index&kw=%E5%93%88%E5%88%A9%E6%B3%A2%E7%89%B9%201-7%E9%9B%86,momo
0,書籍,哈利波特 1-7集,【Harry Potter 哈利波特】豪華時尚妙麗人偶(哈利波特玩具),217,https://www.momoshop.com.tw/goods/GoodsDetail.jsp?i_code=9509292&Area=search&oid=1_3&cid=index&kw=%E5%93%88%E5%88%A9%E6%B3%A2%E7%89%B9%201-7%E9%9B%86,momo
0,書籍,哈利波特 1-7集,【Harry Potter 哈利波特】魔法教室場景組-奇獸飼育學(哈利波特玩具),161,https://www.momoshop.com.tw/goods/GoodsDetail.jsp?i_code=9506956&Area=search&oid=1_4&cid=index&kw=%E5%93%88%E5%88%A9%E6%B3%A2%E7%89%B9%201-7%E9%9B%86,momo
0,書籍,哈利波特 1-7集,【Harry Potter 哈利波特】迷你場景-霍格華茲特快車(哈利波特火車),224,https://www.momoshop.com.tw/goods/GoodsDetail.jsp?i_code=11359224&Area=search&oid=1_5&cid=index&kw=%E5%93%88%E5%88%A9%E6%B3%A2%E7%89%B9%201-7%E9%9B%86,momo
0,書籍,JLPT 新日檢 N3 一本合格,JLPT新日檢N3一本合格全新修訂版（附單字句型記憶小冊音檔MP3＋模擬試題暨詳解4回）,473,https://www.momoshop.com.tw/goods/GoodsDetail.jsp?i_code=12804558&Area=search&oid=1_1&cid=index&kw=JLPT%20%E6%96%B0%E6%97%A5%E6%AA%A2%20N3%20%E4%B8%80%E6%9C%AC%E5%90%88%E6%A0%BC,momo
0,書籍,JLPT 新日檢 N3 一本合格,破解JLPT新日檢N3高分合格單字書：考題字彙最強蒐錄與攻略（附考衝單字別冊、遮色片、MP3音檔QR Code）,315,https://www.momoshop.com.tw/goods/GoodsDetail.jsp?i_code=12870551&Area=search&oid=1_2&cid=index&kw=JLPT%20%E6%96%B0%E6%97%A5%E6%AA%A2%20N3%20%E4%B8%80%E6%9C%AC%E5%90%88%E6%A0%BC,momo
0,書籍,JLPT 新日檢 N3 一本合格,JLPT新日檢【N3字彙】考前衝刺大作戰,250,https://www.momoshop.com.tw/goods/GoodsDetail.jsp?i_code=10198630&Area=search&oid=1_3&cid=index&kw=JLPT%20%E6%96%B0%E6%97%A5%E6%AA%A2%20N3%20%E4%B8%80%E6%9C%AC%E5%90%88%E6%A0%BC,momo
0,書籍,JLPT 新日檢 N3 一本合格,JLPT新日檢N5一本合格全新修訂版（附全書音檔MP3+模擬試題暨詳解4回+單字文法記憶小冊）,394,https://www.momoshop.com.tw/goods/GoodsDetail.jsp?i_code=12701416&Area=search&oid=1_4&cid=index&kw=JLPT%20%E6%96%B0%E6%97%A5%E6%AA%A2%20N3%20%E4%B8%80%E6%9C%AC%E5%90%88%E6%A0%BC,momo
0,書籍,JLPT 新日檢 N3 一本合格,JLPT新日檢N5〜N3必考單字2500（附線上音檔MP3）,315,https://www.momoshop.com.tw/goods/GoodsDetail.jsp?i_code=11009319&Area=search&oid=1_5&cid=index&kw=JLPT%20%E6%96%B0%E6%97%A5%E6%AA%A2%20N3%20%E4%B8%80%E6%9C%AC%E5%90%88%E6%A0%BC,momo
0,書籍,蘋果橘子經濟學,蘋果橘子經濟學,237,https://www.momoshop.com.tw/goods/GoodsDetail.jsp?i_code=8618073&Area=search&oid=1_1&cid=index&kw=%E8%98%8B%E6%9E%9C%E6%A9%98%E5%AD%90%E7%B6%93%E6%BF%9F%E5%AD%B8,momo
0,書籍,蘋果橘子經濟學,超爆蘋果橘子經濟學﹝典藏紀念版﹞,284,https://www.momoshop.com.tw/goods/GoodsDetail.jsp?i_code=8584234&Area=search&oid=1_2&cid=index&kw=%E8%98%8B%E6%9E%9C%E6%A9%98%E5%AD%90%E7%B6%93%E6%BF%9F%E5%AD%B8,momo
0,書籍,蘋果橘子經濟學,超爆蘋果橘子經濟學（15週年長銷紀念版）,355,https://www.momoshop.com.tw/goods/GoodsDetail.jsp?i_code=12665729&Area=search&oid=1_3&cid=index&kw=%E8%98%8B%E6%9E%9C%E6%A9%98%E5%AD%90%E7%B6%93%E6%BF%9F%E5%AD%B8,momo
0,書籍,蘋果橘子經濟學,【MyBook】超爆蘋果橘子經濟學（15週年長銷紀念版）(電子書),315,https://www.momoshop.com.tw/goods/GoodsDetail.jsp?i_code=12743793&Area=search&oid=1_4&cid=index&kw=%E8%98%8B%E6%9E%9C%E6%A9%98%E5%AD%90%E7%B6%93%E6%BF%9F%E5%AD%B8,momo
0,書籍,蘋果橘子經濟學,蘋果橘子創意百科 何時搶銀行等131個驚人良心建議,276,https://www.momoshop.com.tw/goods/GoodsDetail.jsp?i_code=8610117&Area=search&oid=1_5&cid=index&kw=%E8%98%8B%E6%9E%9C%E6%A9%98%E5%AD%90%E7%B6%93%E6%BF%9F%E5%AD%B8,momo
0,書籍,解答之書,解答之書：專屬於你的人生答案（柔紋皮面燙金＋方背穿線精裝）,355,https://www.momoshop.com.tw/goods/GoodsDetail.jsp?i_code=8649913&Area=search&oid=1_1&cid=index&kw=%E8%A7%A3%E7%AD%94%E4%B9%8B%E6%9B%B8,momo
0,書籍,解答之書,人生的解答之書(共二冊),675,https://www.momoshop.com.tw/goods/GoodsDetail.jsp?i_code=8660138&Area=search&oid=1_2&cid=index&kw=%E8%A7%A3%E7%AD%94%E4%B9%8B%E6%9B%B8,momo
0,書籍,解答之書,愛的解答之書：專屬於愛的答案（柔紋皮面燙金＋方背穿線精裝）,355,https://www.momoshop.com.tw/goods/GoodsDetail.jsp?i_code=8625422&Area=search&oid=1_3&cid=index&kw=%E8%A7%A3%E7%AD%94%E4%B9%8B%E6%9B%B8,momo
0,書籍,解答之書,【指選好物】解答之書(答案之書 解答書 答案書 答案之書 勵誌書 愛的解答之書 禮物),239,https://www.momoshop.com.tw/goods/GoodsDetail.jsp?i_code=11180924&Area=search&oid=1_4&cid=index&kw=%E8%A7%A3%E7%AD%94%E4%B9%8B%E6%9B%B8,momo
0,書籍,解答之書,給孩子的解答之書：解開孩子好奇心的60個問答,300,https://www.momoshop.com.tw/goods/GoodsDetail.jsp?i_code=9569584&Area=search&oid=1_5&cid=index&kw=%E8%A7%A3%E7%AD%94%E4%B9%8B%E6%9B%B8,momo
0,書籍,世界文明尋寶記,世界文明尋寶記套書（第1〜10冊）,2250,https://www.momoshop.com.tw/goods/GoodsDetail.jsp?i_code=11724244&Area=search&oid=1_1&cid=index&kw=%E4%B8%96%E7%95%8C%E6%96%87%E6%98%8E%E5%B0%8B%E5%AF%B6%E8%A8%98,momo
0,書籍,世界文明尋寶記,世界文明尋寶記系列（第1〜5冊）,1125,https://www.momoshop.com.tw/goods/GoodsDetail.jsp?i_code=8625729&Area=search&oid=1_2&cid=index&kw=%E4%B8%96%E7%95%8C%E6%96%87%E6%98%8E%E5%B0%8B%E5%AF%B6%E8%A8%98,momo
0,書籍,世界文明尋寶記,世界文明尋寶記系列（第6〜10冊）,1125,https://www.momoshop.com.tw/goods/GoodsDetail.jsp?i_code=8625730&Area=search&oid=1_3&cid=index&kw=%E4%B8%96%E7%95%8C%E6%96%87%E6%98%8E%E5%B0%8B%E5%AF%B6%E8%A8%98,momo
0,書籍,世界文明尋寶記,None,None,None,momo
0,書籍,世界文明尋寶記,None,None,None,momo
0,3C,iphone 15 pro max 256,【福利品】Apple iPhone 15 Pro Max (256GB) 全機9成9新,38900,https://24h.pchome.com.tw/prod/DYAJ2M-A900H3C6E,pchome
0,3C,iphone 15 pro max 256,【福利品】Apple iPhone 15 Pro Max 256GB 非原盒,39900,https://24h.pchome.com.tw/prod/DYAJDP-A900HI8VE,pchome
0,3C,iphone 15 pro max 256,Apple iPhone 15 Pro Max 256G (三入組),126000,https://24h.pchome.com.tw/prod/DYAJ02-1900GZAMM,pchome
0,3C,iphone 15 pro max 256,【福利品】Apple iPhone 15 Pro Max 256GB,41168,https://24h.pchome.com.tw/prod/DYAJDP-A900HI8ZA,pchome
0,3C,iphone 15 pro max 256,【全新福利品】Apple iPhone 15 Pro Max 256GB,38780,https://24h.pchome.com.tw/prod/DYAJ2M-A900GRF7W,pchome
0,3C,Nintendo Switch 主機,Nintendo Switch OLED 款式公司貨主機(白色),10380,https://24h.pchome.com.tw/prod/DGBJKQ-A900BUE8A,pchome
0,3C,Nintendo Switch 主機,Nintendo Switch OLED 主機 (電力加強版 台灣公司貨),9480,https://24h.pchome.com.tw/prod/DSBE1N-A900FC6NX,pchome
0,3C,Nintendo Switch 主機,任天堂 Switch 新型OLED款式主機 電光紅藍(台灣公司貨),9980,https://24h.pchome.com.tw/prod/DGBJDE-A900BTX0X,pchome
0,3C,Nintendo Switch 主機,任天堂 Switch 新型OLED款式主機 白色 (台灣公司貨),9980,https://24h.pchome.com.tw/prod/DGBJDE-A900BTWYV,pchome
0,3C,Nintendo Switch 主機,任天堂 Switch OLED主機(白色)+健身環大冒險,11350,https://24h.pchome.com.tw/prod/DGCW1N-A900FSSQ5,pchome
0,3C,PS5 主機 數位版,PS5 Slim 數位版 輕薄型主機 - (CFI-2018B01),13080,https://24h.pchome.com.tw/prod/DGBJG9-1900H01WS,pchome
0,3C,PS5 主機 數位版,【PlayStation】PS5 數位版主機 台灣公司貨,13580,https://24h.pchome.com.tw/prod/DGBJO1-A900HFQFN,pchome
0,3C,PS5 主機 數位版,PS5 Slim 數位版 輕薄型主機 - (CFI-2018B01),13080,https://24h.pchome.com.tw/prod/DGBJP7-1900H0PZU,pchome
0,3C,PS5 主機 數位版,【PlayStation】PS5 Slim 數位版輕薄主機 台灣公司貨,14580,https://24h.pchome.com.tw/prod/DGBJO1-A900HEPHM,pchome
0,3C,PS5 主機 數位版,PS5 遊戲主機 (數位版) + PS5 遊戲《劍星 Stellar Blade》中文版 + PS5 專用光碟機,19980,https://24h.pchome.com.tw/prod/DGBJP7-1900HFDD8,pchome
0,3C,Sony MDR-ZX110,SONY多彩耳罩式耳機MDR-ZX110送百元耳機,899,https://24h.pchome.com.tw/prod/QAAP7Y-A900A8A86,pchome
0,3C,Sony MDR-ZX110,Sony 立體聲耳罩式耳機 MDR-ZX110,750,https://24h.pchome.com.tw/prod/DGBT8B-A9005YYC4,pchome
0,3C,Sony MDR-ZX110,SONY MDR-ZX110AP 立體聲耳罩式耳機,846,https://24h.pchome.com.tw/prod/DYAQ9M-A9007OH8E,pchome
0,3C,Sony MDR-ZX110,SONY多彩耳罩式耳機MDR-ZX110W白色送Hitachi Maxell 日立耳道式耳機MXH-C110,1099,https://24h.pchome.com.tw/prod/QAAP5N-A9009YZIF,pchome
0,3C,Sony MDR-ZX110,SONY手機通話耳罩式耳麥MDR-ZX110AP送超值小耳機,999,https://24h.pchome.com.tw/prod/QAAP5N-A9008Y5ZN,pchome
0,3C,ADATA P20000QCD,ADATA 威剛 數位顯示電量20000mAh 3孔輸出 快充行動電源 P20000QCD,799,https://24h.pchome.com.tw/prod/DQBE2M-A900H2LDJ,pchome
0,3C,ADATA P20000QCD,威剛 P20000QCD 數位顯示電量20000mAh 快充行動電源 (黑色),849,https://24h.pchome.com.tw/prod/DYAO8Z-A900GHTYY,pchome
0,3C,ADATA P20000QCD,ADATA 威剛 P20000QCD 20000mAh PD/QC 極速快充行動電源,990,https://24h.pchome.com.tw/prod/DYAO8Z-A900HBX9Z,pchome
0,3C,ADATA P20000QCD,ADATA 威剛 數位顯示電量20000mAh 3孔輸出 快充行動電源 P20000QCD,799,https://24h.pchome.com.tw/prod/DQBE2M-A900H2LD8,pchome
0,3C,ADATA P20000QCD,None,None,None,pchome
0,3C,羅技 G304,Logitech 羅技 G304 LIGHTSPEED 無線遊戲滑鼠/自訂按鍵/ HERO 感應器,1090,https://24h.pchome.com.tw/prod/DSBC0X-A900BF3K3,pchome
0,3C,羅技 G304,羅技 G304 電競滑鼠-黑,888,https://24h.pchome.com.tw/prod/DSAR1N-A900HGGNX,pchome
0,3C,羅技 G304,羅技 G304 電競滑鼠-紫,990,https://24h.pchome.com.tw/prod/DSAR1N-A900FVSIN,pchome
0,3C,羅技 G304,羅技 G304 電競滑鼠,888,https://24h.pchome.com.tw/prod/DSAR1N-A900F9ART,pchome
0,3C,羅技 G304,【logitech 羅技】G304 LIGHTSPEED 無線電競遊戲滑鼠鼠 黑色,888,https://24h.pchome.com.tw/prod/DCBE2G-A900BIFE4,pchome
0,3C,ASUS ROG STRIX SCOPE NX,華碩 ASUS ROG STRIX SCOPE NX TKL 80% RGB機械式電競鍵盤 (NX青軸/月光白),3190,https://24h.pchome.com.tw/prod/DCAHH2-A900BRMQW,pchome
0,3C,ASUS ROG STRIX SCOPE NX,華碩 ASUS ROG STRIX SCOPE NX DELUXE 無線機械電競鍵盤 [NX茶軸/三模連接/PBT中文],3990,https://24h.pchome.com.tw/prod/DCAHH2-A900EQ5XL,pchome
0,3C,ASUS ROG STRIX SCOPE NX,華碩 ASUS ROG Strix Scope II 96 Wireless 無線機械電競鍵盤 [NX Snow軸/三模連接/PBT中文],5490,https://24h.pchome.com.tw/prod/DCAHH2-A900GFTV2,pchome
0,3C,ASUS ROG STRIX SCOPE NX,【ASUS 華碩】ROG Strix Scope NX Wireless Deluxe 機械式鍵盤-紅軸,3990,https://24h.pchome.com.tw/prod/DCBE2G-A900FHFEM,pchome
0,3C,ASUS ROG STRIX SCOPE NX,華碩 ASUS ROG STRIX SCOPE NX TKL 80% RGB機械式電競鍵盤 (NX紅軸/月光白),3190,https://24h.pchome.com.tw/prod/DCAHH2-A900C0WY3,pchome
0,3C,Wacom Intuos Pro PTH-460/K0-C,Wacom Intuos Pro small 專業觸控繪圖板(PTH-460/k0),7990,https://24h.pchome.com.tw/prod/DCAV33-A900A128U,pchome
0,3C,Wacom Intuos Pro PTH-460/K0-C,Wacom Intuos Pro small 專業觸控繪圖板(PTH-460/k0),6990,https://24h.pchome.com.tw/prod/DCAV7J-A900APOL2,pchome
0,3C,Wacom Intuos Pro PTH-460/K0-C,Wacom Intuos Pro small 專業觸控繪圖板(PTH-460/k0),7990,https://24h.pchome.com.tw/prod/DCAV8B-A900BBI1D,pchome
0,3C,Wacom Intuos Pro PTH-460/K0-C,None,None,None,pchome
0,3C,Wacom Intuos Pro PTH-460/K0-C,None,None,None,pchome
0,3C,HyRead Gaze One S,HyRead Gaze One S 6吋電子紙閱讀器,4618,https://24h.pchome.com.tw/books/prod/DJBO02-A900DVY37,pchome
0,3C,HyRead Gaze One S,HyRead Gaze One S 6吋電子紙閱讀器,4100,https://24h.pchome.com.tw/books/prod/DJBO0X-A900FCSBM,pchome
0,3C,HyRead Gaze One S,HyRead Gaze One S 6吋電子紙閱讀器,5288,https://24h.pchome.com.tw/prod/DCBR0N-A900HFIQV,pchome
0,3C,HyRead Gaze One S,(福利品)HyRead Gaze One S 保護殼(湖水綠),621,https://24h.pchome.com.tw/prod/DCBR0M-A900H3GZR,pchome
0,3C,HyRead Gaze One S,HyRead Gaze One S 6吋 適用 靜電式 類紙膜 螢幕貼 霧面貼 DIY 包膜,349,https://24h.pchome.com.tw/prod/DCAGW4-A900GNOZK,pchome
0,3C,Razer Blade 16 RZ09-0483RTH3-R3T1 16吋,None,None,None,pchome
0,3C,Razer Blade 16 RZ09-0483RTH3-R3T1 16吋,None,None,None,pchome
0,3C,Razer Blade 16 RZ09-0483RTH3-R3T1 16吋,None,None,None,pchome
0,3C,Razer Blade 16 RZ09-0483RTH3-R3T1 16吋,None,None,None,pchome
0,3C,Razer Blade 16 RZ09-0483RTH3-R3T1 16吋,None,None,None,pchome
0,家電,Panasonic F-YV32MH,Panasonic 國際牌16公升 變頻清淨型除濕機 F-YV32MH,19330,https://24h.pchome.com.tw/prod/DMBQ00-A900GRXL7,pchome
0,家電,Panasonic F-YV32MH,適用Panasonic國際牌空氣清淨除濕機F-YV32MH F-YV36MH F-YV40MH活性碳+HEPA濾網濾芯組 F-ZWL32W,990,https://24h.pchome.com.tw/prod/DMAU7X-A900H531O,pchome
0,家電,Panasonic F-YV32MH,Panasonic 國際牌 16公升變頻高效型清淨除濕機 F-YV32MH,22126,https://24h.pchome.com.tw/prod/DMBQ3P-A900GTPHC,pchome
0,家電,Panasonic F-YV32MH,Panasonic國際牌16公升變頻清淨型除濕機 F-YV32MH,20961,https://24h.pchome.com.tw/prod/DMBQ3P-A900GR5BN,pchome
0,家電,Panasonic F-YV32MH,Panasonic國際牌16公升變頻清淨型除濕機 F-YV32MH,20961,https://24h.pchome.com.tw/prod/DMBQ3P-A900GR54B,pchome
0,家電,PHILIPS ACR2142SF,PHILIPS 飛利浦 窄邊框時尚美型風扇 ACR2142SF,1590,https://24h.pchome.com.tw/prod/DMAB18-A900GAWT7,pchome
0,家電,PHILIPS ACR2142SF,(2入組)PHILIPS 飛利浦 窄邊框時尚美型風扇 ACR2142SF,2565,https://24h.pchome.com.tw/prod/DMAB18-A900G962E,pchome
0,家電,PHILIPS ACR2142SF,PHILIPS 飛利浦 窄邊框時尚美型風扇 ACR2142SF,1490,https://24h.pchome.com.tw/prod/DMAB18-A900G4E3W,pchome
0,家電,PHILIPS ACR2142SF,PHILIPS 飛利浦 窄邊框時尚美型風扇 ACR2142SF,1490,https://24h.pchome.com.tw/prod/DMACAK-A900G4VTV,pchome
0,家電,PHILIPS ACR2142SF,【飛利浦 PHILIPS】AC 12吋風扇ACR2142SF,1590,https://24h.pchome.com.tw/prod/DMBM3G-A900GB2SB,pchome
0,家電,dyson hd08,Dyson Supersonic Origin HD08 吹風機 黑鋼色,9999,https://24h.pchome.com.tw/prod/DMBP01-A900H1459,pchome
0,家電,dyson hd08,Dyson Supersonic 吹風機 HD08 全桃紅色,10888,https://24h.pchome.com.tw/prod/DMBP01-A900E45VL,pchome
0,家電,dyson hd08,Dyson Supersonic Origin HD08 吹風機 黑鋼色,9999,https://24h.pchome.com.tw/prod/DMAHDQ-1900H4ZZ5,pchome
0,家電,dyson hd08,【超值組合】Dyson V10 Fluffy吸塵器+HD08 吹風機+HP10 涼暖空氣清淨機,39900,https://24h.pchome.com.tw/prod/DMBF12-1900GYJRN,pchome
0,家電,dyson hd08,【超值組合】Dyson Submarine SV52 輕量乾濕全能洗地吸塵器+Supersonic Origin HD08 吹風機 紅,23888,https://24h.pchome.com.tw/prod/DMAXAK-1900HGWTX,pchome
0,家電,PHILIPS HR2601,【飛利浦 PHILIPS】超活氧迷你果汁機 HR2601,1288,https://24h.pchome.com.tw/prod/DMAC0E-A900BCQQF,pchome
0,家電,PHILIPS HR2601,【PHILIPS 飛利浦】超活氧迷你果汁機 HR2601,1288,https://24h.pchome.com.tw/prod/DMBM2F-A900GZC35,pchome
0,家電,PHILIPS HR2601,【飛利浦 PHILIPS】健康氣炸鍋HD9742+迷你果汁機HR2601,9888,https://24h.pchome.com.tw/prod/DMAC0E-A900GQPVY,pchome
0,家電,PHILIPS HR2601,None,None,None,pchome
0,家電,PHILIPS HR2601,None,None,None,pchome
0,家電,DAIKIN MCZ70YSCT,DAIKIN大金 旗艦美肌保濕空氣清淨除濕機 MCZ70YSCT,38490,https://24h.pchome.com.tw/prod/DMBQ0D-A900GDDXD,pchome
0,家電,DAIKIN MCZ70YSCT,DAIKIN大金 旗艦美肌保濕空氣清淨除濕機 MCZ70YSCT,32900,https://24h.pchome.com.tw/prod/DMBQ0D-1900GSDFM,pchome
0,家電,DAIKIN MCZ70YSCT,【DAIKIN 大金】旗艦美肌保濕空氣清淨除濕機(MCZ70YSCT),34920,https://24h.pchome.com.tw/prod/DMBQ16-A900GFULH,pchome
0,家電,DAIKIN MCZ70YSCT,DAIKIN 大金 頂級閃流放電美肌保濕型空氣清淨機 MCZ70YSCT -,32900,https://24h.pchome.com.tw/prod/DMAU04-A900GE7E7,pchome
0,家電,DAIKIN MCZ70YSCT,DAIKIN 大金 旗艦美肌保濕空氣清淨除濕機(MCZ70YSCT),35820,https://24h.pchome.com.tw/prod/DMAU04-A900GKCJF,pchome
0,日用消耗品,五月花厚棒抽取式衛生紙(90抽x10包/袋),五月花厚棒抽取式衛生紙(90抽x10包x6袋/箱),1299,https://24h.pchome.com.tw/prod/DAAG4E-A9009WFCR,pchome
0,日用消耗品,五月花厚棒抽取式衛生紙(90抽x10包/袋),五月花厚棒抽取式衛生紙(90抽x10包/袋),239,https://24h.pchome.com.tw/prod/DAAG4S-A9009WFCK,pchome
0,日用消耗品,五月花厚棒抽取式衛生紙(90抽x10包/袋),五月花厚棒抽取式衛生紙 90抽x10包x6袋x2箱,2398,https://24h.pchome.com.tw/prod/DAAG0U-1900H1NCA,pchome
0,日用消耗品,五月花厚棒抽取式衛生紙(90抽x10包/袋),五月花 厚棒抽取式衛生紙90抽x10包x6袋,1299,https://24h.pchome.com.tw/prod/DEDG4K-A900G6SY0,pchome
0,日用消耗品,五月花厚棒抽取式衛生紙(90抽x10包/袋),None,None,None,pchome
0,日用消耗品,妙管家 強效洗衣粉,《妙管家》強效洗衣粉(10kg),299,https://24h.pchome.com.tw/prod/DAAK1Z-A48732518,pchome
0,日用消耗品,妙管家 強效洗衣粉,《妙管家》強效洗衣粉(10kg/4入),999,https://24h.pchome.com.tw/prod/DAAK1Z-19008ZJYT,pchome
0,日用消耗品,妙管家 強效洗衣粉,{妙管家} 強效洗衣粉 (抗菌) 4.5KG (4入/箱),499,https://24h.pchome.com.tw/prod/DAAK1Z-A900F6KC8,pchome
0,日用消耗品,妙管家 強效洗衣粉,《妙管家》強效洗衣粉4.5kg,139,https://24h.pchome.com.tw/prod/DAAC14-A13623591,pchome
0,日用消耗品,妙管家 強效洗衣粉,《妙管家》強效洗衣粉(10kg)x2,529,https://24h.pchome.com.tw/prod/DAAK1Z-1900785TI,pchome
0,日用消耗品,舒酸定 強化琺瑯質牙膏,舒酸定 強化琺瑯質兒童牙膏 65g,89,https://24h.pchome.com.tw/prod/DAAL04-A900ARDHL,pchome
0,日用消耗品,舒酸定 強化琺瑯質牙膏,舒酸定強化琺瑯質兒童牙膏65gx3,229,https://24h.pchome.com.tw/prod/DAAL04-A900ARDHD,pchome
0,日用消耗品,舒酸定 強化琺瑯質牙膏,舒酸定強化琺瑯質兒童牙膏65g x7入,519,https://24h.pchome.com.tw/prod/DAAL04-A900ARDI5,pchome
0,日用消耗品,舒酸定 強化琺瑯質牙膏,None,None,None,pchome
0,日用消耗品,舒酸定 強化琺瑯質牙膏,None,None,None,pchome
0,日用消耗品,熊寶貝 衣物香氛袋,【熊寶貝】衣物香氛袋 衣服的淡香水 x1,99,https://24h.pchome.com.tw/prod/DAAK03-A900GOOS0,pchome
0,日用消耗品,熊寶貝 衣物香氛袋,【熊寶貝】衣物香氛袋,79,https://24h.pchome.com.tw/prod/DAAK0O-A900GXO9P,pchome
0,日用消耗品,熊寶貝 衣物香氛袋,【熊寶貝】衣物清新噴霧 200ml x1,179,https://24h.pchome.com.tw/prod/DAAK03-A900GQ2MG,pchome
0,日用消耗品,熊寶貝 衣物香氛袋,3盒組｜【熊寶貝】衣物香氛袋 (7g x3包x3盒),219,https://24h.pchome.com.tw/prod/DAAK0O-1900GY1FD,pchome
0,日用消耗品,熊寶貝 衣物香氛袋,【愛戀花草】旋轉木馬擴香石-衣物居家香氛吊飾x10個(迷情香水伊蘭花),429,https://24h.pchome.com.tw/prod/DAAZ8Y-A900C1S5H,pchome
0,日用消耗品,566香氛洗髮精,【566】小蒼蘭抗屑抗菌香氛洗髮精-800g,109,https://24h.pchome.com.tw/prod/DAAA60-A900AVPSY,pchome
0,日用消耗品,566香氛洗髮精,【566】白麝香潤澤抗菌香氛洗髮精-補充包580g,69,https://24h.pchome.com.tw/prod/DAAA60-A900BEEPI,pchome
0,日用消耗品,566香氛洗髮精,【566】白麝香潤澤抗菌香氛洗髮精-800g,109,https://24h.pchome.com.tw/prod/DAAA60-A900AVPSF,pchome
0,日用消耗品,566香氛洗髮精,【566】白麝香潤澤抗菌香氛洗髮精-800g,109,https://24h.pchome.com.tw/prod/DAAA60-A900BGC43,pchome
0,日用消耗品,566香氛洗髮精,【566】玫瑰養髮抗菌香氛洗髮精-800g,109,https://24h.pchome.com.tw/prod/DAAA60-A900AVPT9,pchome
0,家具,E-home Bruce 旋轉休閒餐椅,E-home Bruce布魯斯布面實木腳旋轉休閒餐椅-兩色可選,1216,https://24h.pchome.com.tw/prod/DQCE05-A900GBCKW,pchome
0,家具,E-home Bruce 旋轉休閒餐椅,None,None,None,pchome
0,家具,E-home Bruce 旋轉休閒餐椅,None,None,None,pchome
0,家具,E-home Bruce 旋轉休閒餐椅,None,None,None,pchome
0,家具,E-home Bruce 旋轉休閒餐椅,None,None,None,pchome
0,家具,3M NZ250,3M四季被-新2代發熱纖維-單人,3605,https://24h.pchome.com.tw/prod/DGAV0M-A900H5CP1,pchome
0,家具,3M NZ250,3M四季被-新2代發熱纖維-單人,4241,https://24h.pchome.com.tw/prod/DAAN2K-A9008EI0T,pchome
0,家具,3M NZ250,3M四季被-新2代發熱纖維-雙人加大,5091,https://24h.pchome.com.tw/prod/DAAN2K-A9008EI0Y,pchome
0,家具,3M NZ250,3M四季被-新2代發熱纖維-雙人,4666,https://24h.pchome.com.tw/prod/DAAN2K-A9008EI0V,pchome
0,家具,3M NZ250,3M四季被-新2代發熱纖維-單人,3605,https://24h.pchome.com.tw/prod/DGAV0M-A900HB77U,pchome
0,家具,AOTTO 床邊 升降桌,【AOTTO】可移動床邊沙發萬用邊桌升降桌(懶人桌 床邊桌 電腦桌),490,https://24h.pchome.com.tw/prod/DEDD1Y-A900F5D4Q,pchome
0,家具,AOTTO 床邊 升降桌,【AOTTO】床邊沙發可升降附輪邊桌-60CM(懶人桌 升降桌 電腦桌 邊几),399,https://24h.pchome.com.tw/prod/DEDD1Y-A900FS31L,pchome
0,家具,AOTTO 床邊 升降桌,None,None,None,pchome
0,家具,AOTTO 床邊 升降桌,None,None,None,pchome
0,家具,AOTTO 床邊 升降桌,None,None,None,pchome
0,家具,YAMAZAKI 刀具砧板架,【YAMAZAKI】典雅雕花刀具砧板架(白),569,https://24h.pchome.com.tw/prod/DEAGJG-A900BEAND,pchome
0,家具,YAMAZAKI 刀具砧板架,【YAMAZAKI】Plate刀具砧板架,751,https://24h.pchome.com.tw/prod/DEAGJG-A900BEDOU,pchome
0,家具,YAMAZAKI 刀具砧板架,【YAMAZAKI】tosca刀具砧板架,964,https://24h.pchome.com.tw/prod/DEAGJG-A9008DDPX,pchome
0,家具,YAMAZAKI 刀具砧板架,【YAMAZAKI】典雅雕花刀具砧板架(白),612,https://24h.pchome.com.tw/prod/DEAGJG-A9006SYH0,pchome
0,家具,YAMAZAKI 刀具砧板架,【YAMAZAKI】tosca刀具砧板架,964,https://24h.pchome.com.tw/prod/DEAGJG-A900BEAJ6,pchome
0,家具,FUDOGIKEN 五層 鞋架,【日本FUDOGIKEN】日本製五層收納鞋架/雨傘收納架33.8×29.6x99cm,899,https://24h.pchome.com.tw/prod/DEBAO2-A900FX70L,pchome
0,家具,FUDOGIKEN 五層 鞋架,None,None,None,pchome
0,家具,FUDOGIKEN 五層 鞋架,None,None,None,pchome
0,家具,FUDOGIKEN 五層 鞋架,None,None,None,pchome
0,家具,FUDOGIKEN 五層 鞋架,None,None,None,pchome
0,文具,雄獅 彩色筆 36色,【雄獅畫材】奶油獅彩色筆(36色),285,https://24h.pchome.com.tw/prod/DSACQG-A9006O422,pchome
0,文具,雄獅 彩色筆 36色,【雄獅畫材】奶油獅新版可水洗彩色筆(36色),330,https://24h.pchome.com.tw/prod/DEAHJB-A9006398Z,pchome
0,文具,雄獅 彩色筆 36色,【雄獅畫材】 BP 雄獅軟頭彩色筆(36色),360,https://24h.pchome.com.tw/prod/DEBUJN-A900APHVI,pchome
0,文具,雄獅 彩色筆 36色,【雄獅畫材】奶油獅彩色筆(36色),285,https://24h.pchome.com.tw/prod/DEAHJB-A9005AL0I,pchome
0,文具,雄獅 彩色筆 36色,雄獅三角細支彩色筆36色,270,https://24h.pchome.com.tw/prod/DEAHJB-A90064U4W,pchome
0,文具,MAYART A4 25張,MAYART 美雅 A4 135g/m2 25張入,120,https://24h.pchome.com.tw/prod/DQBHNL-A900GDI1R,pchome
0,文具,MAYART A4 25張,MAYART 美雅 A4 135g/m2 25張入(3本),324,https://24h.pchome.com.tw/prod/DQBHNL-A900GDRV3,pchome
0,文具,MAYART A4 25張,None,None,None,pchome
0,文具,MAYART A4 25張,None,None,None,pchome
0,文具,MAYART A4 25張,None,None,None,pchome
0,文具,3M 隱形膠帶 19mm,3M Scotch 隱形膠帶(19mm),68,https://24h.pchome.com.tw/prod/DAAN07-A82905844,pchome
0,文具,3M 隱形膠帶 19mm,3M 隱形膠帶(19mm),81,https://24h.pchome.com.tw/prod/DAAN07-A82903147,pchome
0,文具,3M 隱形膠帶 19mm,3M Scotch 隱形膠帶(19mm)10入組,499,https://24h.pchome.com.tw/prod/DAAN07-1900AODMU,pchome
0,文具,3M 隱形膠帶 19mm,3M Scotch 隱形膠帶 可書寫 可手撕 19mm x 32.9M 12捲/支 810-3/4,1150,https://24h.pchome.com.tw/prod/DEDG1N-A900G2FOK,pchome
0,文具,3M 隱形膠帶 19mm,None,None,None,pchome
0,文具,飛龍 橡皮擦 標準型 6入,【全勝】飛龍牌橡皮擦 標準型 (6入),55,https://24h.pchome.com.tw/prod/DEAHNP-A900BXQWY,pchome
0,文具,飛龍 橡皮擦 標準型 6入,None,None,None,pchome
0,文具,飛龍 橡皮擦 標準型 6入,None,None,None,pchome
0,文具,飛龍 橡皮擦 標準型 6入,None,None,None,pchome
0,文具,飛龍 橡皮擦 標準型 6入,None,None,None,pchome
0,文具,SDI CT-206R 6mm 替換帶 10入,SDI 按壓式修正內帶-替換帶10入 (6mm×6M) CT-206R/綠色,400,https://24h.pchome.com.tw/prod/DEBUKS-A9009H4IL,pchome
0,文具,SDI CT-206R 6mm 替換帶 10入,SDI 按壓式修正內帶-替換帶10入 (6mm×6M) CT-206R/綠色,400,https://24h.pchome.com.tw/prod/QABD36-A9009H4EW,pchome
0,文具,SDI CT-206R 6mm 替換帶 10入,None,None,None,pchome
0,文具,SDI CT-206R 6mm 替換帶 10入,None,None,None,pchome
0,文具,SDI CT-206R 6mm 替換帶 10入,None,None,None,pchome
0,美妝,DHC 高保濕純欖護唇膏,《DHC》高保濕純欖護唇膏 1.5g,332,https://24h.pchome.com.tw/prod/DDBT4I-A90086C92,pchome
0,美妝,DHC 高保濕純欖護唇膏,《DHC》高保濕純欖護唇膏 1.5g 3入組,995,https://24h.pchome.com.tw/prod/DDBT6J-1900B7NMG,pchome
0,美妝,DHC 高保濕純欖護唇膏,None,None,None,pchome
0,美妝,DHC 高保濕純欖護唇膏,None,None,None,pchome
0,美妝,DHC 高保濕純欖護唇膏,None,None,None,pchome
0,美妝,L’OCCITANE 護手霜 三件,【LOccitane歐舒丹】薰衣草護手霜30ML,400,https://24h.pchome.com.tw/prod/DDAD96-A9005AIE4,pchome
0,美妝,L’OCCITANE 護手霜 三件,【L’OCCITANE 歐舒丹】薰衣草護手霜75ml,900,https://24h.pchome.com.tw/prod/DDCF0E-A9007JAQY,pchome
0,美妝,L’OCCITANE 護手霜 三件,【LOccitane歐舒丹】乳油木玫瑰護手霜30ml,400,https://24h.pchome.com.tw/prod/DDCF01-A9005OCIZ,pchome
0,美妝,L’OCCITANE 護手霜 三件,【L’OCCITANE 歐舒丹】乳油木密集修護手膜霜50ml,750,https://24h.pchome.com.tw/prod/DDCF2W-A900FUPH2,pchome
0,美妝,L’OCCITANE 護手霜 三件,【L’OCCITANE歐舒丹】乳油木護手霜30ml,400,https://24h.pchome.com.tw/prod/DDCF2W-A900DSIY2,pchome
0,美妝,Innisfree 礦物 蜜粉,韓國Innisfree 無油無慮礦物控油蜜粉 5g,188,https://24h.pchome.com.tw/prod/DDCB03-A900GLFNY,pchome
0,美妝,Innisfree 礦物 蜜粉,韓國Innisfree 無油無慮礦物AC蜜粉 5g,280,https://24h.pchome.com.tw/prod/DDCB03-A900GLFMG,pchome
0,美妝,Innisfree 礦物 蜜粉,韓國Innisfree 無油無慮礦物控油蜜粉餅 8.5g,420,https://24h.pchome.com.tw/prod/DDCB03-A900GLFP7,pchome
0,美妝,Innisfree 礦物 蜜粉,None,None,None,pchome
0,美妝,Innisfree 礦物 蜜粉,None,None,None,pchome
0,美妝,LANCOME 蘭蔻 零粉感 持久粉底 SPF38/PA+++ 30ml,LANCOME 蘭蔻 零粉感超持久粉底 SPF38/PA+++(30ml)-TESTER-多色可選,1340,https://24h.pchome.com.tw/prod/QEAF4O-A900A815B,pchome
0,美妝,LANCOME 蘭蔻 零粉感 持久粉底 SPF38/PA+++ 30ml,LANCOME 蘭蔻 零粉感超持久粉底 SPF38/PA+++(30ml)-多色可選-百貨公司貨,1650,https://24h.pchome.com.tw/prod/DDBH28-A900BZBV7,pchome
0,美妝,LANCOME 蘭蔻 零粉感 持久粉底 SPF38/PA+++ 30ml,LANCOME 蘭蔻 零粉感超持久粉底SPF38/PA+++30ML 色號任選【百貨專櫃TESTER版】,1380,https://24h.pchome.com.tw/prod/DDBH28-A900FQIWS,pchome
0,美妝,LANCOME 蘭蔻 零粉感 持久粉底 SPF38/PA+++ 30ml,LANCOME 蘭蔻 零粉感超持久粉底 SPF38/PA+++(30ml)-多色可選-百貨公司貨,1650,https://24h.pchome.com.tw/prod/QEAF4O-A9009AX0D,pchome
0,美妝,LANCOME 蘭蔻 零粉感 持久粉底 SPF38/PA+++ 30ml,LANCOME 蘭蔻 零粉感超持久粉底 SPF38/PA+++(30ml)送鑽石粉撲 多色可選,1690,https://24h.pchome.com.tw/prod/DDBH28-A900H567Y,pchome
0,美妝,Dasique 九宮格眼影盤,【韓國Dasique】九宮格眼影盤7g(款式任選),1590,https://24h.pchome.com.tw/prod/DDCB2V-A900B8HK7,pchome
0,美妝,Dasique 九宮格眼影盤,None,None,None,pchome
0,美妝,Dasique 九宮格眼影盤,None,None,None,pchome
0,美妝,Dasique 九宮格眼影盤,None,None,None,pchome
0,美妝,Dasique 九宮格眼影盤,None,None,None,pchome
0,書籍,哈利波特 1-7集,【哈利波特】1-7集（繁體中文版20週年紀念）合購,3126,https://24h.pchome.com.tw/books/prod/DJAM48-1900FV30Y,pchome
0,書籍,哈利波特 1-7集,【哈利波特】1-7集合購,2249,https://24h.pchome.com.tw/books/prod/DJAM48-19009Y5ZL,pchome
0,書籍,哈利波特 1-7集,None,None,None,pchome
0,書籍,哈利波特 1-7集,None,None,None,pchome
0,書籍,哈利波特 1-7集,None,None,None,pchome
0,書籍,JLPT 新日檢 N3 一本合格,JLPT新日檢N3一本合格全新修訂版（附全書音檔MP3＋模擬試題暨詳解4回＋單字文法記憶小冊）,473,https://24h.pchome.com.tw/books/prod/DJAK1S-A900HEUPL,pchome
0,書籍,JLPT 新日檢 N3 一本合格,JLPT新日檢 N3一本合格（附單字句型記憶小冊音檔MP3＋模擬試題暨詳解4回）,473,https://24h.pchome.com.tw/books/prod/DJAK1S-A900EY7VG,pchome
0,書籍,JLPT 新日檢 N3 一本合格,破解JLPT新日檢N3高分合格單字書：考題字彙最強蒐錄與攻略（附考衝單字別冊、遮色片、MP3音檔QR Code）,315,https://24h.pchome.com.tw/books/prod/DJAK1S-A900HI4T8,pchome
0,書籍,JLPT 新日檢 N3 一本合格,新日檢JLPT N3合格模試：全新仿真模考題，含逐題完整解析，滿分不是夢!（附聽解線上收聽+音檔,356,https://24h.pchome.com.tw/books/prod/DJBP1O-A900FOA73,pchome
0,書籍,JLPT 新日檢 N3 一本合格,JLPT新日檢N3一本合格全新修訂版（附全書音檔MP3＋模擬試題暨詳解4回＋單字文法記憶小冊）,473,https://24h.pchome.com.tw/books/prod/DJBP1O-A900HG0QP,pchome
0,書籍,蘋果橘子經濟學,超爆蘋果橘子經濟學（15週年長銷紀念版）,268,https://24h.pchome.com.tw/books/prod/DJBQD8-D900HE431,pchome
0,書籍,蘋果橘子經濟學,蘋果橘子經濟學（擴充•修訂紀念版）,210,https://24h.pchome.com.tw/books/prod/DJBQD8-D900E16ZT,pchome
0,書籍,蘋果橘子經濟學,超爆蘋果橘子經濟學（15週年長銷紀念版）,356,https://24h.pchome.com.tw/books/prod/DJAD3J-A900HCR62,pchome
0,書籍,蘋果橘子經濟學,超爆蘋果橘子經濟學(15週年長銷紀念版),356,https://24h.pchome.com.tw/books/prod/DJBP1A-A900HE3P4,pchome
0,書籍,蘋果橘子經濟學,超爆蘋果橘子經濟學（15週年長銷紀念版）,315,https://24h.pchome.com.tw/books/prod/DJBN9M-D900HEI1U,pchome
0,書籍,解答之書,解答之書：專屬於你的人生答案（柔紋皮面燙金+方背穿線精裝）,356,https://24h.pchome.com.tw/books/prod/DJBP06-A900C7D5T,pchome
0,書籍,解答之書,解答之書：專屬於你的人生答案（柔紋皮面燙金＋方背穿線精裝）,355,https://24h.pchome.com.tw/books/prod/DJAK1S-A9009LXYY,pchome
0,書籍,解答之書,【套書】專屬於你的答案！愛的解答之書＋人生解答之書,712,https://24h.pchome.com.tw/books/prod/DJAK5H-19009WNDZ,pchome
0,書籍,解答之書,解答之書 答案之書 解答書 答案書 答案之書 勵誌書 愛的解答之書 記事本 禮物【BE1257】,239,https://24h.pchome.com.tw/books/prod/DJAH2P-A900G7QDU,pchome
0,書籍,解答之書,愛的解答之書：專屬於愛的答案（柔紋皮面燙金+方背穿線精裝）,356,https://24h.pchome.com.tw/books/prod/DJBP05-A900ER7GB,pchome
0,書籍,世界文明尋寶記,世界文明尋寶記套書(第1~10冊),2250,https://24h.pchome.com.tw/books/prod/DJBP5M-A900GY2QY,pchome
0,書籍,世界文明尋寶記,世界文明尋寶記系列（第1~5冊）,1125,https://24h.pchome.com.tw/books/prod/DJBP5M-A900C81NQ,pchome
0,書籍,世界文明尋寶記,世界文明尋寶記系列（第6~10冊）,1125,https://24h.pchome.com.tw/books/prod/DJBP5M-A900C830W,pchome
0,書籍,世界文明尋寶記,None,None,None,pchome
0,書籍,世界文明尋寶記,None,None,None,pchome
0,3C,iphone 15 pro max 256,Apple iPhone 15 Pro Max 256G 鈦金屬防水5G手機※送保貼+保護套※ 藍,41888,https://search.books.com.tw/redirect/move/key/iphone+15+pro+max+256/area/mid/item/N013422051/page/1/idx/1/cat/N01/pdf/1/spell/3,book
0,3C,iphone 15 pro max 256,Apple iPhone 15 Pro Max 256G 鈦金屬防水5G手機※送保貼+保護套※ 黑,41888,https://search.books.com.tw/redirect/move/key/iphone+15+pro+max+256/area/mid/item/N013422052/page/1/idx/2/cat/N01/pdf/1/spell/3,book
0,3C,iphone 15 pro max 256,Apple iPhone 15 Pro Max 256G 鈦金屬防水5G手機※送保貼+保護套※ 原,41888,https://search.books.com.tw/redirect/move/key/iphone+15+pro+max+256/area/mid/item/N013422053/page/1/idx/3/cat/N01/pdf/1/spell/3,book
0,3C,iphone 15 pro max 256,Apple iPhone 15 Pro Max 256G 鈦金屬防水5G手機※送保貼+保護套※ 白,41888,https://search.books.com.tw/redirect/move/key/iphone+15+pro+max+256/area/mid/item/N013422050/page/1/idx/4/cat/N01/pdf/1/spell/3,book
0,3C,iphone 15 pro max 256,Apple iPhone 15 Pro Max 256G 6.7吋智慧手機 贈保貼+殼 廠商直送- 藍色鈦金屬,42950,https://search.books.com.tw/redirect/move/key/iphone+15+pro+max+256/area/mid/item/N013390122/page/1/idx/5/cat/N01/pdf/1/spell/3,book
0,3C,Nintendo Switch 主機,Nintendo Switch OLED 主機 [台灣公司貨] - 白色,10480,https://search.books.com.tw/redirect/move/key/Nintendo+Switch+%E4%B8%BB%E6%A9%9F/area/mid/item/N001341773/page/1/idx/1/cat/N00/pdf/1/spell/3,book
0,3C,Nintendo Switch 主機,Nintendo Switch OLED 主機+原廠新版收納包 [台灣公司貨],10680,https://search.books.com.tw/redirect/move/key/Nintendo+Switch+%E4%B8%BB%E6%A9%9F/area/mid/item/N001342897/page/1/idx/2/cat/N00/pdf/1/spell/3,book
0,3C,Nintendo Switch 主機,Nintendo Switch OLED 主機 [台灣公司貨]+【SAMSUNG 三星】EVO Plus microSDXC UHS-I(U3) A2 V30 128GB記憶卡(MB-MC128KA)公司貨,10480,https://search.books.com.tw/redirect/move/key/Nintendo+Switch+%E4%B8%BB%E6%A9%9F/area/mid/item/N001397977/page/1/idx/3/cat/N00/pdf/1/spell/3,book
0,3C,Nintendo Switch 主機,Nintendo Switch OLED 主機+健身環大冒險,11950,https://search.books.com.tw/redirect/move/key/Nintendo+Switch+%E4%B8%BB%E6%A9%9F/area/mid/item/N001390657/page/1/idx/4/cat/N00/pdf/1/spell/3,book
0,3C,Nintendo Switch 主機,NS 瑪利歐亮麗紅OLED主機 +《超級瑪利歐兄弟 驚奇》中文版贈保護殼,11680,https://search.books.com.tw/redirect/move/key/Nintendo+Switch+%E4%B8%BB%E6%A9%9F/area/mid/item/N001611977/page/1/idx/5/cat/N00/pdf/1/spell/3,book
0,3C,PS5 主機 數位版,[Days of Play]PlayStation®5 數位版主機(CFI-2018B01) [台灣公司貨],13080,https://search.books.com.tw/redirect/move/key/PS5+%E4%B8%BB%E6%A9%9F+%E6%95%B8%E4%BD%8D%E7%89%88/area/mid/item/N001646076/page/1/idx/1/cat/N00/pdf/1/spell/3,book
0,3C,PS5 主機 數位版,PlayStation®5 數位版主機 [台灣公司貨],14580,https://search.books.com.tw/redirect/move/key/PS5+%E4%B8%BB%E6%A9%9F+%E6%95%B8%E4%BD%8D%E7%89%88/area/mid/item/N001549752/page/1/idx/2/cat/N00/pdf/1/spell/3,book
0,3C,PS5 主機 數位版,PlayStation®5 數位版主機 [台灣公司貨]+主機護蓋,12950,https://search.books.com.tw/redirect/move/key/PS5+%E4%B8%BB%E6%A9%9F+%E6%95%B8%E4%BD%8D%E7%89%88/area/mid/item/N001667942/page/1/idx/3/cat/N00/pdf/1/spell/3,book
0,3C,PS5 主機 數位版,PlayStation®5 數位版主機 [台灣公司貨](贈:手把保護殼+手把行動電源),13550,https://search.books.com.tw/redirect/move/key/PS5+%E4%B8%BB%E6%A9%9F+%E6%95%B8%E4%BD%8D%E7%89%88/area/mid/item/N001671860/page/1/idx/4/cat/N00/pdf/1/spell/3,book
0,3C,PS5 主機 數位版,PlayStation®5 數位版主機 [台灣公司貨](贈:防塵套+散熱風扇),13550,https://search.books.com.tw/redirect/move/key/PS5+%E4%B8%BB%E6%A9%9F+%E6%95%B8%E4%BD%8D%E7%89%88/area/mid/item/N001671856/page/1/idx/5/cat/N00/pdf/1/spell/3,book
0,3C,Sony MDR-ZX110,Sony MDR-ZX110 日本內銷版 隨身好音質 可折疊方便攜帶 舒適耳罩式耳機 3色勇氣黑,750,https://search.books.com.tw/redirect/move/key/Sony+MDR-ZX110/area/mid/item/N000614679/page/1/idx/1/cat/N00/pdf/1/spell/3,book
0,3C,Sony MDR-ZX110,Sony MDR-ZX110 日本內銷版 隨身好音質 可折疊方便攜帶 舒適耳罩式耳機 3色純真白,750,https://search.books.com.tw/redirect/move/key/Sony+MDR-ZX110/area/mid/item/N000614677/page/1/idx/2/cat/N00/pdf/1/spell/3,book
0,3C,Sony MDR-ZX110,Sony MDR-ZX110 日本內銷版 隨身好音質 可折疊方便攜帶 舒適耳罩式耳機 3色甜心粉,750,https://search.books.com.tw/redirect/move/key/Sony+MDR-ZX110/area/mid/item/N000614678/page/1/idx/3/cat/N00/pdf/1/spell/3,book
0,3C,Sony MDR-ZX110,SONY MDR-ZX110AP 好音質 隨身便攜耳罩式I Phone 安卓 手機專用耳機 新力公司貨.保固一年 純真白,880,https://search.books.com.tw/redirect/move/key/Sony+MDR-ZX110/area/mid/item/N000621178/page/1/idx/4/cat/N00/pdf/1/spell/3,book
0,3C,Sony MDR-ZX110,SONY MDR-ZX110AP 好音質 隨身便攜耳罩式I Phone 安卓 手機專用耳機 新力公司貨.保固一年 沉穩黑,880,https://search.books.com.tw/redirect/move/key/Sony+MDR-ZX110/area/mid/item/N000621179/page/1/idx/5/cat/N00/pdf/1/spell/3,book
0,3C,ADATA P20000QCD,【ADATA 威剛】P20000QCD 快充PD 行動電源20000mAh(BSMI認證) 白色,849,https://search.books.com.tw/redirect/move/key/ADATA+P20000QCD/area/mid/item/N001419614/page/1/idx/1/cat/N00/pdf/1/spell/3,book
0,3C,ADATA P20000QCD,【ADATA 威剛】P20000QCD 快充PD 行動電源20000mAh(BSMI認證) 黑色,849,https://search.books.com.tw/redirect/move/key/ADATA+P20000QCD/area/mid/item/N001419613/page/1/idx/2/cat/N00/pdf/1/spell/3,book
0,3C,ADATA P20000QCD,【ADATA 威剛】P20000QCD 快充PD 行動電源20000mAh(BSMI認證) 藍色,849,https://search.books.com.tw/redirect/move/key/ADATA+P20000QCD/area/mid/item/N001419615/page/1/idx/3/cat/N00/pdf/1/spell/3,book
0,3C,ADATA P20000QCD,ADATA 威剛 數位顯示電量20000mAh 3孔輸出 快充行動電源 P20000QCD 藍色,799,https://search.books.com.tw/redirect/move/key/ADATA+P20000QCD/area/mid/item/N013500600/page/1/idx/4/cat/N01/pdf/1/spell/3,book
0,3C,ADATA P20000QCD,ADATA 威剛 數位顯示電量20000mAh 3孔輸出 快充行動電源 P20000QCD 白色,799,https://search.books.com.tw/redirect/move/key/ADATA+P20000QCD/area/mid/item/N013500599/page/1/idx/5/cat/N01/pdf/1/spell/3,book
0,3C,羅技 G304,羅技 G304 無線電競滑鼠 黑色,888,https://search.books.com.tw/redirect/move/key/%E7%BE%85%E6%8A%80+G304/area/mid/item/N000937011/page/1/idx/1/cat/N00/pdf/1/spell/3,book
0,3C,羅技 G304,羅技 G304 無線電競滑鼠 白色,990,https://search.books.com.tw/redirect/move/key/%E7%BE%85%E6%8A%80+G304/area/mid/item/N001200276/page/1/idx/2/cat/N00/pdf/1/spell/3,book
0,3C,羅技 G304,羅技 G304 無線電競滑鼠+ G240 布面滑鼠墊,990,https://search.books.com.tw/redirect/move/key/%E7%BE%85%E6%8A%80+G304/area/mid/item/N001315128/page/1/idx/3/cat/N00/pdf/1/spell/3,book
0,3C,羅技 G304,羅技 G304 無線遊戲滑鼠 紫,990,https://search.books.com.tw/redirect/move/key/%E7%BE%85%E6%8A%80+G304/area/mid/item/N001523737/page/1/idx/4/cat/N00/pdf/1/spell/3,book
0,3C,羅技 G304,羅技 G304 無線遊戲滑鼠 綠,990,https://search.books.com.tw/redirect/move/key/%E7%BE%85%E6%8A%80+G304/area/mid/item/N001523738/page/1/idx/5/cat/N00/pdf/1/spell/3,book
0,3C,ASUS ROG STRIX SCOPE NX,ASUS 華碩 ROG Strix Scope II 96 Wireless NX 白色 無線電競鍵盤 (SN軸/SM軸) STORM軸,5490,https://search.books.com.tw/redirect/move/key/ASUS+ROG+STRIX+SCOPE+NX/area/mid/item/N013591148/page/1/idx/1/cat/N01/pdf/1/spell/3,book
0,3C,ASUS ROG STRIX SCOPE NX,ASUS 華碩 ROG Strix Scope II 96 Wireless NX 白色 無線電競鍵盤 (SN軸/SM軸) SNOW軸,5490,https://search.books.com.tw/redirect/move/key/ASUS+ROG+STRIX+SCOPE+NX/area/mid/item/N013591147/page/1/idx/2/cat/N01/pdf/1/spell/3,book
0,3C,ASUS ROG STRIX SCOPE NX,【5月底前送原廠電競滑鼠墊】ASUS 華碩 ROG Strix Scope II NX 機械電競鍵盤 PBT中文 STORM軸,3990,https://search.books.com.tw/redirect/move/key/ASUS+ROG+STRIX+SCOPE+NX/area/mid/item/N013396185/page/1/idx/3/cat/N01/pdf/1/spell/3,book
0,3C,ASUS ROG STRIX SCOPE NX,【5月底前送原廠電競滑鼠墊】ASUS 華碩 ROG Strix Scope II NX 機械電競鍵盤 PBT中文 SNOW軸,3990,https://search.books.com.tw/redirect/move/key/ASUS+ROG+STRIX+SCOPE+NX/area/mid/item/N013396184/page/1/idx/4/cat/N01/pdf/1/spell/3,book
0,3C,ASUS ROG STRIX SCOPE NX,ASUS 華碩 ROG STRIX SCOPE NX 機械式鍵盤 紅軸,2990,https://search.books.com.tw/redirect/move/key/ASUS+ROG+STRIX+SCOPE+NX/area/mid/item/N012695191/page/1/idx/5/cat/N01/pdf/1/spell/3,book
0,3C,Wacom Intuos Pro PTH-460/K0-C,Wacom Intuos Pro small 專業繪圖板 PTH-460/K0-C,7990,https://search.books.com.tw/redirect/move/key/Wacom+Intuos+Pro+PTH-460+K0-C/area/mid/item/N001627558/page/1/idx/1/cat/N00/pdf/1/spell/3,book
0,3C,Wacom Intuos Pro PTH-460/K0-C,None,None,None,book
0,3C,Wacom Intuos Pro PTH-460/K0-C,None,None,None,book
0,3C,Wacom Intuos Pro PTH-460/K0-C,None,None,None,book
0,3C,Wacom Intuos Pro PTH-460/K0-C,None,None,None,book
0,3C,HyRead Gaze One S,HyRead Gaze One S 全平面電子紙閱讀器,4618,https://search.books.com.tw/redirect/move/key/HyRead+Gaze+One+S/area/mid/item/N001489182/page/1/idx/1/cat/N00/pdf/1/spell/3,book
0,3C,HyRead Gaze One S,[原廠殼套組]HyRead Gaze One S 電子紙閱讀器+直立保護殼(四色可選),5288,https://search.books.com.tw/redirect/move/key/HyRead+Gaze+One+S/area/mid/item/N001493627/page/1/idx/2/cat/N00/pdf/1/spell/3,book
0,3C,HyRead Gaze One S,HyRead Gaze One S 直立保護殼(石墨綠),690,https://search.books.com.tw/redirect/move/key/HyRead+Gaze+One+S/area/mid/item/N001508081/page/1/idx/3/cat/N00/pdf/1/spell/3,book
0,3C,HyRead Gaze One S,HyRead Gaze One S 直立保護殼(藏藍),690,https://search.books.com.tw/redirect/move/key/HyRead+Gaze+One+S/area/mid/item/N001508080/page/1/idx/4/cat/N00/pdf/1/spell/3,book
0,3C,HyRead Gaze One S,HyRead Gaze One S 直立保護殼(百合白),690,https://search.books.com.tw/redirect/move/key/HyRead+Gaze+One+S/area/mid/item/N001489195/page/1/idx/5/cat/N00/pdf/1/spell/3,book
0,3C,Razer Blade 16 RZ09-0483RTH3-R3T1 16吋,雷蛇Razer Blade 16 RZ09-0483RTH3-R3T1 16吋 INTEL 13代 電競筆電,98990,https://search.books.com.tw/redirect/move/key/Razer+Blade+16+RZ09-0483RTH3-R3T1+16%E5%90%8B/area/mid/item/N013447305/page/1/idx/1/cat/N01/pdf/1/spell/3,book
0,3C,Razer Blade 16 RZ09-0483RTH3-R3T1 16吋,None,None,None,book
0,3C,Razer Blade 16 RZ09-0483RTH3-R3T1 16吋,None,None,None,book
0,3C,Razer Blade 16 RZ09-0483RTH3-R3T1 16吋,None,None,None,book
0,3C,Razer Blade 16 RZ09-0483RTH3-R3T1 16吋,None,None,None,book
0,家電,Panasonic F-YV32MH,Panasonic國際牌 16L 一級能效 變頻清淨型除濕機 F-YV32MH,20496,https://search.books.com.tw/redirect/move/key/Panasonic+F-YV32MH/area/mid/item/N013429603/page/1/idx/1/cat/N01/pdf/1/spell/3,book
0,家電,Panasonic F-YV32MH,適用Panasonic國際牌空氣清淨除濕機F-YV32MH YV36MH YV40MH活性碳+HEPA濾網濾芯組,950,https://search.books.com.tw/redirect/move/key/Panasonic+F-YV32MH/area/mid/item/N013606668/page/1/idx/2/cat/N01/pdf/1/spell/3,book
0,家電,Panasonic F-YV32MH,適用 Panasonic 國際牌 F-YV32MH F-YV36MH F-YV40MH 空氣清淨機 HEPA+活性碳濾網 濾芯 濾心,1030,https://search.books.com.tw/redirect/move/key/Panasonic+F-YV32MH/area/mid/item/N013518563/page/1/idx/3/cat/N01/pdf/1/spell/3,book
0,家電,Panasonic F-YV32MH,Panasonic 國際牌 16L高效微電腦除濕機 F-YV32MH,23290,https://search.books.com.tw/redirect/move/key/Panasonic+F-YV32MH/area/mid/item/N013454697/page/1/idx/4/cat/N01/pdf/1/spell/3,book
0,家電,Panasonic F-YV32MH,Panasonic國際牌16公升變頻高效型清淨除濕機 F-YV32MH,23290,https://search.books.com.tw/redirect/move/key/Panasonic+F-YV32MH/area/mid/item/N013424021/page/1/idx/5/cat/N01/pdf/1/spell/3,book
0,家電,PHILIPS ACR2142SF,【PHILIPS飛利浦】 窄邊框時尚美型電風扇 ACR2142SF 白色,1490,https://search.books.com.tw/redirect/move/key/PHILIPS+ACR2142SF/area/mid/item/N013214497/page/1/idx/1/cat/N01/pdf/1/spell/3,book
0,家電,PHILIPS ACR2142SF,【Philips 飛利浦】12吋定時窄邊框時尚美型風扇(ACR2142SF),1490,https://search.books.com.tw/redirect/move/key/PHILIPS+ACR2142SF/area/mid/item/N013246755/page/1/idx/2/cat/N01/pdf/1/spell/3,book
0,家電,PHILIPS ACR2142SF,【Philips 飛利浦】 12吋 AC可定時窄邊框時尚美型風扇 ACR2142SF,1390,https://search.books.com.tw/redirect/move/key/PHILIPS+ACR2142SF/area/mid/item/N013226514/page/1/idx/3/cat/N01/pdf/1/spell/3,book
0,家電,PHILIPS ACR2142SF,None,None,None,book
0,家電,PHILIPS ACR2142SF,None,None,None,book
0,家電,dyson hd08,【小資必買免萬入手】Dyson HD08 Origin Supersonic 吹風機 平裝版 紅色,9999,https://search.books.com.tw/redirect/move/key/dyson+hd08/area/mid/item/N013598015/page/1/idx/1/cat/N01/pdf/1/spell/3,book
0,家電,dyson hd08,Dyson吹風機Supersonic HD08適用立式配件收納磁吸支架 睿智黑,1299,https://search.books.com.tw/redirect/move/key/dyson+hd08/area/mid/item/N013233935/page/1/idx/2/cat/N01/pdf/1/spell/3,book
0,家電,dyson hd08,None,None,None,book
0,家電,dyson hd08,None,None,None,book
0,家電,dyson hd08,None,None,None,book
0,家電,PHILIPS HR2601,【飛利浦 PHILIPS】飛利浦超活氧迷你果汁機(HR2601),1388,https://search.books.com.tw/redirect/move/key/PHILIPS+HR2601/area/mid/item/N011802175/page/1/idx/1/cat/N01/pdf/1/spell/3,book
0,家電,PHILIPS HR2601,【飛利浦 PHILIPS】飛利浦超活氧迷你果汁機(HR2601),1388,https://search.books.com.tw/redirect/move/key/PHILIPS+HR2601/area/mid/item/N001688523/page/1/idx/2/cat/N00/pdf/1/spell/3,book
0,家電,PHILIPS HR2601,【飛利浦 PHILIPS】健康氣炸鍋(HD9742/62)+活氧迷你果汁機(HR2601),9888,https://search.books.com.tw/redirect/move/key/PHILIPS+HR2601/area/mid/item/N013582727/page/1/idx/3/cat/N01/pdf/1/spell/3,book
0,家電,PHILIPS HR2601,None,None,None,book
0,家電,PHILIPS HR2601,None,None,None,book
0,家電,DAIKIN MCZ70YSCT,DAIKIN 大金 頂級閃流放電美肌保濕型空氣清淨機MCZ70YSCT -,32900,https://search.books.com.tw/redirect/move/key/DAIKIN+MCZ70YSCT/area/mid/item/N013625812/page/1/idx/1/cat/N01/pdf/1/spell/3,book
0,家電,DAIKIN MCZ70YSCT,適用 Daikin 大金 MCZ70YSCT 頂級閃流放電美肌保濕型 空氣清淨機 HEPA+活性碳 濾網 濾芯 濾心,2380,https://search.books.com.tw/redirect/move/key/DAIKIN+MCZ70YSCT/area/mid/item/N013474526/page/1/idx/2/cat/N01/pdf/1/spell/3,book
0,家電,DAIKIN MCZ70YSCT,【DAIKIN大金】頂級時尚空氣清淨除濕機 MCZ70YSCT,32900,https://search.books.com.tw/redirect/move/key/DAIKIN+MCZ70YSCT/area/mid/item/N013264320/page/1/idx/3/cat/N01/pdf/1/spell/3,book
0,家電,DAIKIN MCZ70YSCT,DAIKIN大金旗艦美肌保濕空氣清淨除濕機 MCZ70YSCT,39800,https://search.books.com.tw/redirect/move/key/DAIKIN+MCZ70YSCT/area/mid/item/N013262327/page/1/idx/4/cat/N01/pdf/1/spell/3,book
0,家電,DAIKIN MCZ70YSCT,None,None,None,book
0,日用消耗品,五月花厚棒抽取式衛生紙(90抽x10包/袋),【免運直出】【箱購】五月花厚棒抽取式衛生紙90抽x10包x6袋,1299,https://search.books.com.tw/redirect/move/key/%E4%BA%94%E6%9C%88%E8%8A%B1%E5%8E%9A%E6%A3%92%E6%8A%BD%E5%8F%96%E5%BC%8F%E8%A1%9B%E7%94%9F%E7%B4%99%2890%E6%8A%BDx10%E5%8C%85+%E8%A2%8B%29/area/mid/item/N001060249/page/1/idx/1/cat/N00/pdf/1/spell/3,book
0,日用消耗品,五月花厚棒抽取式衛生紙(90抽x10包/袋),None,None,None,book
0,日用消耗品,五月花厚棒抽取式衛生紙(90抽x10包/袋),None,None,None,book
0,日用消耗品,五月花厚棒抽取式衛生紙(90抽x10包/袋),None,None,None,book
0,日用消耗品,五月花厚棒抽取式衛生紙(90抽x10包/袋),None,None,None,book
0,日用消耗品,妙管家 強效洗衣粉,【酵素達人】 強效淨白洗衣粉17入組 (700g*17盒),990,https://search.books.com.tw/redirect/move/key/%E5%A6%99%E7%AE%A1%E5%AE%B6+%E5%BC%B7%E6%95%88%E6%B4%97%E8%A1%A3%E7%B2%89/area/mid/item/N010851257/page/1/idx/1/cat/N01/pdf/1/fm/1/spell/3,book
0,日用消耗品,妙管家 強效洗衣粉,日本Kaneyo強效衣物去污皂(綠)150g x3顆,149,https://search.books.com.tw/redirect/move/key/%E5%A6%99%E7%AE%A1%E5%AE%B6+%E5%BC%B7%E6%95%88%E6%B4%97%E8%A1%A3%E7%B2%89/area/mid/item/N001599765/page/1/idx/2/cat/N00/pdf/1/fm/1/spell/3,book
0,日用消耗品,妙管家 強效洗衣粉,日本Tomioka 原創洗衣粉 強效,792,https://search.books.com.tw/redirect/move/key/%E5%A6%99%E7%AE%A1%E5%AE%B6+%E5%BC%B7%E6%95%88%E6%B4%97%E8%A1%A3%E7%B2%89/area/mid/item/N011511773/page/1/idx/3/cat/N01/pdf/1/fm/1/spell/3,book
0,日用消耗品,妙管家 強效洗衣粉,日本Tomioka 原創洗衣粉 強效 - 補充包,495,https://search.books.com.tw/redirect/move/key/%E5%A6%99%E7%AE%A1%E5%AE%B6+%E5%BC%B7%E6%95%88%E6%B4%97%E8%A1%A3%E7%B2%89/area/mid/item/N011514889/page/1/idx/4/cat/N01/pdf/1/fm/1/spell/3,book
0,日用消耗品,妙管家 強效洗衣粉,日本Tomioka 原創洗衣粉 罐裝補充包組合-強效,1197,https://search.books.com.tw/redirect/move/key/%E5%A6%99%E7%AE%A1%E5%AE%B6+%E5%BC%B7%E6%95%88%E6%B4%97%E8%A1%A3%E7%B2%89/area/mid/item/N011683992/page/1/idx/5/cat/N01/pdf/1/fm/1/spell/3,book
0,日用消耗品,舒酸定 強化琺瑯質牙膏,舒酸定強化琺瑯質牙膏-學齡兒童專用65G*7支,689,https://search.books.com.tw/redirect/move/key/%E8%88%92%E9%85%B8%E5%AE%9A+%E5%BC%B7%E5%8C%96%E7%90%BA%E7%91%AF%E8%B3%AA%E7%89%99%E8%86%8F/area/mid/item/N001214840/page/1/idx/1/cat/N00/pdf/1/spell/3,book
0,日用消耗品,舒酸定 強化琺瑯質牙膏,舒酸定強化琺瑯質牙膏-溫和亮白110g 限量換購版*4支,748,https://search.books.com.tw/redirect/move/key/%E8%88%92%E9%85%B8%E5%AE%9A+%E5%BC%B7%E5%8C%96%E7%90%BA%E7%91%AF%E8%B3%AA%E7%89%99%E8%86%8F/area/mid/item/N001046536/page/1/idx/2/cat/N00/pdf/0/spell/3,book
0,日用消耗品,舒酸定 強化琺瑯質牙膏,舒酸定強化琺瑯質牙膏-溫和亮白110g*3支,329,https://search.books.com.tw/redirect/move/key/%E8%88%92%E9%85%B8%E5%AE%9A+%E5%BC%B7%E5%8C%96%E7%90%BA%E7%91%AF%E8%B3%AA%E7%89%99%E8%86%8F/area/mid/item/N000715642/page/1/idx/3/cat/N00/pdf/0/spell/3,book
0,日用消耗品,舒酸定 強化琺瑯質牙膏,舒酸定強化琺瑯質牙膏-清新薄荷110g*3支,329,https://search.books.com.tw/redirect/move/key/%E8%88%92%E9%85%B8%E5%AE%9A+%E5%BC%B7%E5%8C%96%E7%90%BA%E7%91%AF%E8%B3%AA%E7%89%99%E8%86%8F/area/mid/item/N000715640/page/1/idx/4/cat/N00/pdf/0/spell/3,book
0,日用消耗品,舒酸定 強化琺瑯質牙膏,"舒酸定強化琺瑯質牙膏-清新薄荷*6+亮白(換購)*3(110G,共9入)",899,https://search.books.com.tw/redirect/move/key/%E8%88%92%E9%85%B8%E5%AE%9A+%E5%BC%B7%E5%8C%96%E7%90%BA%E7%91%AF%E8%B3%AA%E7%89%99%E8%86%8F/area/mid/item/N001294091/page/1/idx/5/cat/N00/pdf/0/spell/3,book
0,日用消耗品,熊寶貝 衣物香氛袋,【Ahoye】新疆花田薰衣草籽香氛袋 (5g-12包) 香薰袋 香包,299,https://search.books.com.tw/redirect/move/key/%E7%86%8A%E5%AF%B6%E8%B2%9D+%E8%A1%A3%E7%89%A9%E9%A6%99%E6%B0%9B%E8%A2%8B/area/mid/item/N001409683/page/1/idx/1/cat/N00/pdf/1/fm/1/spell/3,book
0,日用消耗品,熊寶貝 衣物香氛袋,【Bone 蹦克】原木擴香台 Wood Diffuser-北極熊 (舒壓療癒擴香小物 可愛動物) 北極,330,https://search.books.com.tw/redirect/move/key/%E7%86%8A%E5%AF%B6%E8%B2%9D+%E8%A1%A3%E7%89%A9%E9%A6%99%E6%B0%9B%E8%A2%8B/area/mid/item/N001616220/page/1/idx/2/cat/N00/pdf/1/fm/1/spell/3,book
0,日用消耗品,熊寶貝 衣物香氛袋,【iSFun】棉麻布藝*加大束口棉被整理收納袋 圓眼熊,329,https://search.books.com.tw/redirect/move/key/%E7%86%8A%E5%AF%B6%E8%B2%9D+%E8%A1%A3%E7%89%A9%E9%A6%99%E6%B0%9B%E8%A2%8B/area/mid/item/N012898201/page/1/idx/3/cat/N01/pdf/1/fm/1/spell/3,book
0,日用消耗品,熊寶貝 衣物香氛袋,【cocodor】香氛噴霧250ml(衣物香水/空間噴霧/織品除臭)- 親親寶貝,249,https://search.books.com.tw/redirect/move/key/%E7%86%8A%E5%AF%B6%E8%B2%9D+%E8%A1%A3%E7%89%A9%E9%A6%99%E6%B0%9B%E8%A2%8B/area/mid/item/N001587980/page/1/idx/4/cat/N00/pdf/1/fm/1/spell/3,book
0,日用消耗品,熊寶貝 衣物香氛袋,【cocodor】香氛噴霧80ml(衣物香水/空間噴霧/織品除臭)- 親親寶貝,199,https://search.books.com.tw/redirect/move/key/%E7%86%8A%E5%AF%B6%E8%B2%9D+%E8%A1%A3%E7%89%A9%E9%A6%99%E6%B0%9B%E8%A2%8B/area/mid/item/N001587965/page/1/idx/5/cat/N00/pdf/1/fm/1/spell/3,book
0,日用消耗品,566香氛洗髮精,陳怡安手工皂-櫻花洗髮餅(香氛系列)60g-固態洗髮精,9,https://search.books.com.tw/redirect/move/key/566%E9%A6%99%E6%B0%9B%E6%B4%97%E9%AB%AE%E7%B2%BE/area/mid/item/N001272768/page/1/idx/1/cat/N00/pdf/1/fm/1/spell/3,book
0,日用消耗品,566香氛洗髮精,【雪芙蘭】植萃香氛洗髮精500g 《輕盈蓬鬆》,109,https://search.books.com.tw/redirect/move/key/566%E9%A6%99%E6%B0%9B%E6%B4%97%E9%AB%AE%E7%B2%BE/area/mid/item/N001210817/page/1/idx/2/cat/N00/pdf/1/fm/1/spell/3,book
0,日用消耗品,566香氛洗髮精,陳怡安手工皂-海水正藍洗髮餅(香氛系列)60g-固態洗髮精,9,https://search.books.com.tw/redirect/move/key/566%E9%A6%99%E6%B0%9B%E6%B4%97%E9%AB%AE%E7%B2%BE/area/mid/item/N001346796/page/1/idx/3/cat/N00/pdf/1/fm/1/spell/3,book
0,日用消耗品,566香氛洗髮精,【雪芙蘭】植萃香氛洗髮精500g 《清爽淨油》,109,https://search.books.com.tw/redirect/move/key/566%E9%A6%99%E6%B0%9B%E6%B4%97%E9%AB%AE%E7%B2%BE/area/mid/item/N001210810/page/1/idx/4/cat/N00/pdf/1/fm/1/spell/3,book
0,日用消耗品,566香氛洗髮精,陳怡安手工皂-黑天使洗髮餅(香氛系列)60g-固態洗髮精,9,https://search.books.com.tw/redirect/move/key/566%E9%A6%99%E6%B0%9B%E6%B4%97%E9%AB%AE%E7%B2%BE/area/mid/item/N001346795/page/1/idx/5/cat/N00/pdf/1/fm/1/spell/3,book
0,家具,E-home Bruce 旋轉休閒餐椅,E-home Bruce布魯斯布面實木腳旋轉休閒餐椅-兩色可選 灰色,1380,https://search.books.com.tw/redirect/move/key/E-home+Bruce+%E6%97%8B%E8%BD%89%E4%BC%91%E9%96%92%E9%A4%90%E6%A4%85/area/mid/item/N013247704/page/1/idx/1/cat/N01/pdf/1/spell/3,book
0,家具,E-home Bruce 旋轉休閒餐椅,E-home Bruce布魯斯布面實木腳旋轉休閒餐椅-兩色可選 棕色,1380,https://search.books.com.tw/redirect/move/key/E-home+Bruce+%E6%97%8B%E8%BD%89%E4%BC%91%E9%96%92%E9%A4%90%E6%A4%85/area/mid/item/N013247705/page/1/idx/2/cat/N01/pdf/1/spell/3,book
0,家具,E-home Bruce 旋轉休閒餐椅,None,None,None,book
0,家具,E-home Bruce 旋轉休閒餐椅,None,None,None,book
0,家具,E-home Bruce 旋轉休閒餐椅,None,None,None,book
0,家具,3M NZ250,3M NZ250 新2代發熱纖維四季被-單人,4990,https://search.books.com.tw/redirect/move/key/3M+NZ250/area/mid/item/N011539388/page/1/idx/1/cat/N01/pdf/1/spell/3,book
0,家具,3M NZ250,3M NZ250 新2代發熱纖維四季被-雙人,85,https://search.books.com.tw/redirect/move/key/3M+NZ250/area/mid/item/N011539389/page/1/idx/2/cat/N01/pdf/1/spell/3,book
0,家具,3M NZ250,3M NZ250 新2代發熱纖維四季被-雙人加大,85,https://search.books.com.tw/redirect/move/key/3M+NZ250/area/mid/item/N011539390/page/1/idx/3/cat/N01/pdf/1/spell/3,book
0,家具,3M NZ250,3M NZ250 新2代發熱纖維雙人四季被 (送3M防蹣枕心2入),6090,https://search.books.com.tw/redirect/move/key/3M+NZ250/area/mid/item/N011492749/page/1/idx/4/cat/N01/pdf/1/spell/3,book
0,家具,3M NZ250,3M NZ250 新2代發熱纖維單人四季被 (送防蹣枕心1入),5290,https://search.books.com.tw/redirect/move/key/3M+NZ250/area/mid/item/N011492748/page/1/idx/5/cat/N01/pdf/1/spell/3,book
0,家具,AOTTO 床邊 升降桌,【AOTTO】可移動床邊沙發萬用邊桌升降桌(懶人桌 床邊桌 電腦桌) 原木色,466,https://search.books.com.tw/redirect/move/key/AOTTO+%E5%BA%8A%E9%82%8A+%E5%8D%87%E9%99%8D%E6%A1%8C/area/mid/item/N012797074/page/1/idx/1/cat/N01/pdf/1/spell/3,book
0,家具,AOTTO 床邊 升降桌,【AOTTO】可移動床邊沙發萬用邊桌升降桌(懶人桌 床邊桌 電腦桌) 白色,466,https://search.books.com.tw/redirect/move/key/AOTTO+%E5%BA%8A%E9%82%8A+%E5%8D%87%E9%99%8D%E6%A1%8C/area/mid/item/N012797073/page/1/idx/2/cat/N01/pdf/1/spell/3,book
0,家具,AOTTO 床邊 升降桌,【AOTTO】床邊沙發可升降附輪邊桌-60CM(懶人桌 升降桌 電腦桌 邊几) 原木色,436,https://search.books.com.tw/redirect/move/key/AOTTO+%E5%BA%8A%E9%82%8A+%E5%8D%87%E9%99%8D%E6%A1%8C/area/mid/item/N012797123/page/1/idx/3/cat/N01/pdf/1/spell/3,book
0,家具,AOTTO 床邊 升降桌,【AOTTO】床邊沙發可升降移動旋轉雙桌面電腦桌懶人桌- 白色,790,https://search.books.com.tw/redirect/move/key/AOTTO+%E5%BA%8A%E9%82%8A+%E5%8D%87%E9%99%8D%E6%A1%8C/area/mid/item/N012885202/page/1/idx/4/cat/N01/pdf/0/spell/3,book
0,家具,AOTTO 床邊 升降桌,None,None,None,book
0,家具,YAMAZAKI 刀具砧板架,日本【YAMAZAKI】Plate 刀具砧板架,751,https://search.books.com.tw/redirect/move/key/YAMAZAKI+%E5%88%80%E5%85%B7%E7%A0%A7%E6%9D%BF%E6%9E%B6/area/mid/item/N000717882/page/1/idx/1/cat/N00/pdf/1/spell/3,book
0,家具,YAMAZAKI 刀具砧板架,日本【YAMAZAKI】典雅雕花刀具砧板架 (白),569,https://search.books.com.tw/redirect/move/key/YAMAZAKI+%E5%88%80%E5%85%B7%E7%A0%A7%E6%9D%BF%E6%9E%B6/area/mid/item/N000624224/page/1/idx/2/cat/N00/pdf/1/spell/3,book
0,家具,YAMAZAKI 刀具砧板架,日本【YAMAZAKI】Tosca 刀具砧板架,964,https://search.books.com.tw/redirect/move/key/YAMAZAKI+%E5%88%80%E5%85%B7%E7%A0%A7%E6%9D%BF%E6%9E%B6/area/mid/item/N000911278/page/1/idx/3/cat/N00/pdf/1/spell/3,book
0,家具,YAMAZAKI 刀具砧板架,日本【YAMAZAKI】Tower 砧板刀具架 (黑),727,https://search.books.com.tw/redirect/move/key/YAMAZAKI+%E5%88%80%E5%85%B7%E7%A0%A7%E6%9D%BF%E6%9E%B6/area/mid/item/N011300183/page/1/idx/4/cat/N01/pdf/1/spell/3,book
0,家具,YAMAZAKI 刀具砧板架,日本【YAMAZAKI】典雅雕花刀具砧板架 (粉紅),720,https://search.books.com.tw/redirect/move/key/YAMAZAKI+%E5%88%80%E5%85%B7%E7%A0%A7%E6%9D%BF%E6%9E%B6/area/mid/item/N000624230/page/1/idx/5/cat/N00/pdf/0/spell/3,book
0,家具,FUDOGIKEN 五層 鞋架,【日本FUDOGIKEN】日本製五層收納鞋架/雨傘收納架33.8×29.6x99cm,719,https://search.books.com.tw/redirect/move/key/FUDOGIKEN+%E4%BA%94%E5%B1%A4+%E9%9E%8B%E6%9E%B6/area/mid/item/N001517801/page/1/idx/1/cat/N00/pdf/1/spell/3,book
0,家具,FUDOGIKEN 五層 鞋架,None,None,None,book
0,家具,FUDOGIKEN 五層 鞋架,None,None,None,book
0,家具,FUDOGIKEN 五層 鞋架,None,None,None,book
0,家具,FUDOGIKEN 五層 鞋架,None,None,None,book
0,文具,雄獅 彩色筆 36色,雄獅三角細字彩色筆36色,85,https://search.books.com.tw/redirect/move/key/%E9%9B%84%E7%8D%85+%E5%BD%A9%E8%89%B2%E7%AD%86+36%E8%89%B2/area/mid/item/N000607108/page/1/idx/1/cat/N00/pdf/1/spell/3,book
0,文具,雄獅 彩色筆 36色,雄獅 BP-36/36軟頭水彩筆 36色,85,https://search.books.com.tw/redirect/move/key/%E9%9B%84%E7%8D%85+%E5%BD%A9%E8%89%B2%E7%AD%86+36%E8%89%B2/area/mid/item/N001647160/page/1/idx/2/cat/N00/pdf/1/spell/3,book
0,文具,雄獅 彩色筆 36色,雄獅 HAM-36 毛毛獸彩色筆 36色,85,https://search.books.com.tw/redirect/move/key/%E9%9B%84%E7%8D%85+%E5%BD%A9%E8%89%B2%E7%AD%86+36%E8%89%B2/area/mid/item/N001647190/page/1/idx/3/cat/N00/pdf/1/spell/3,book
0,文具,雄獅 彩色筆 36色,雄獅 BLW-36/B 奶油獅可水洗彩色筆 36色,85,https://search.books.com.tw/redirect/move/key/%E9%9B%84%E7%8D%85+%E5%BD%A9%E8%89%B2%E7%AD%86+36%E8%89%B2/area/mid/item/N001647168/page/1/idx/4/cat/N00/pdf/1/spell/3,book
0,文具,雄獅 彩色筆 36色,雄獅 BP-36/36軟頭水彩筆 24色,85,https://search.books.com.tw/redirect/move/key/%E9%9B%84%E7%8D%85+%E5%BD%A9%E8%89%B2%E7%AD%86+36%E8%89%B2/area/mid/item/N001647159/page/1/idx/5/cat/N00/pdf/1/spell/3,book
0,文具,MAYART A4 25張,【檔案家】悠樂A4可書寫 4孔樂譜夾(25張) 黑,276,https://search.books.com.tw/redirect/move/key/MAYART+A4+25%E5%BC%B5/area/mid/item/N000837331/page/1/idx/1/cat/N00/pdf/1/fm/1/spell/3/stem/2,book
0,文具,MAYART A4 25張,(25張1包)A4 150磅丹迪紙 5色 B組,5,https://search.books.com.tw/redirect/move/key/MAYART+A4+25%E5%BC%B5/area/mid/item/N001328604/page/1/idx/2/cat/N00/pdf/1/fm/1/spell/3/stem/2,book
0,文具,MAYART A4 25張,(25張1包)A4 150磅丹迪紙 5色 A組,5,https://search.books.com.tw/redirect/move/key/MAYART+A4+25%E5%BC%B5/area/mid/item/N001328603/page/1/idx/3/cat/N00/pdf/1/fm/1/spell/3/stem/2,book
0,文具,MAYART A4 25張,(25張1包)A4 150磅丹迪紙 5色 D組,5,https://search.books.com.tw/redirect/move/key/MAYART+A4+25%E5%BC%B5/area/mid/item/N001328606/page/1/idx/4/cat/N00/pdf/1/fm/1/spell/3/stem/2,book
0,文具,MAYART A4 25張,澳洲 Mont Marte 蒙瑪特 膠裝 鳥 素描本 150gsm 25張MSB0055 - A4,180,https://search.books.com.tw/redirect/move/key/MAYART+A4+25%E5%BC%B5/area/mid/item/N000834209/page/1/idx/5/cat/N00/pdf/1/fm/1/spell/3/stem/2,book
0,文具,3M 隱形膠帶 19mm,(2入1包)3M 810隱形膠帶19mm×32.9M紙盒,8,https://search.books.com.tw/redirect/move/key/3M+%E9%9A%B1%E5%BD%A2%E8%86%A0%E5%B8%B6+19mm/area/mid/item/N001037068/page/1/idx/1/cat/N00/pdf/1/spell/3,book
0,文具,3M 隱形膠帶 19mm,(3入1包)3M 810R-15M隱形膠帶補充包19mm×15M,8,https://search.books.com.tw/redirect/move/key/3M+%E9%9A%B1%E5%BD%A2%E8%86%A0%E5%B8%B6+19mm/area/mid/item/N001037001/page/1/idx/2/cat/N00/pdf/1/spell/3,book
0,文具,3M 隱形膠帶 19mm,3M 811D 3/4可再貼隱形膠帶(附輕便膠台)19mm×32.9M,8,https://search.books.com.tw/redirect/move/key/3M+%E9%9A%B1%E5%BD%A2%E8%86%A0%E5%B8%B6+19mm/area/mid/item/N001037106/page/1/idx/3/cat/N00/pdf/1/spell/3,book
0,文具,3M 隱形膠帶 19mm,(3入1包)3M 810R-10M隱形膠帶補充包19mm×10M,8,https://search.books.com.tw/redirect/move/key/3M+%E9%9A%B1%E5%BD%A2%E8%86%A0%E5%B8%B6+19mm/area/mid/item/N001037004/page/1/idx/4/cat/N00/pdf/1/spell/3,book
0,文具,3M 隱形膠帶 19mm,3M 811可再貼隱形膠帶19mm×32.9M紙盒,8,https://search.books.com.tw/redirect/move/key/3M+%E9%9A%B1%E5%BD%A2%E8%86%A0%E5%B8%B6+19mm/area/mid/item/N001036991/page/1/idx/5/cat/N00/pdf/1/spell/3,book
0,文具,飛龍 橡皮擦 標準型 6入,【TOMBOW日本蜻蜓】MONO Tough強力橡皮擦6顆入(小),85,https://search.books.com.tw/redirect/move/key/%E9%A3%9B%E9%BE%8D+%E6%A9%A1%E7%9A%AE%E6%93%A6+%E6%A8%99%E6%BA%96%E5%9E%8B+6%E5%85%A5/area/mid/item/N001189026/page/1/idx/1/cat/N00/pdf/1/fm/1/spell/3,book
0,文具,飛龍 橡皮擦 標準型 6入,【TOMBOW日本蜻蜓】MONO Tough強力橡皮擦6顆入(大),85,https://search.books.com.tw/redirect/move/key/%E9%A3%9B%E9%BE%8D+%E6%A9%A1%E7%9A%AE%E6%93%A6+%E6%A8%99%E6%BA%96%E5%9E%8B+6%E5%85%A5/area/mid/item/N001189060/page/1/idx/2/cat/N00/pdf/1/fm/1/spell/3,book
0,文具,飛龍 橡皮擦 標準型 6入,【TOMBOW日本蜻蜓】(6入) MONO AIR Touch橡皮擦,85,https://search.books.com.tw/redirect/move/key/%E9%A3%9B%E9%BE%8D+%E6%A9%A1%E7%9A%AE%E6%93%A6+%E6%A8%99%E6%BA%96%E5%9E%8B+6%E5%85%A5/area/mid/item/N001466264/page/1/idx/3/cat/N00/pdf/1/fm/1/spell/3,book
0,文具,飛龍 橡皮擦 標準型 6入,【TOMBOW日本蜻蜓】(6入) MONO smart橡皮擦,85,https://search.books.com.tw/redirect/move/key/%E9%A3%9B%E9%BE%8D+%E6%A9%A1%E7%9A%AE%E6%93%A6+%E6%A8%99%E6%BA%96%E5%9E%8B+6%E5%85%A5/area/mid/item/N001465572/page/1/idx/4/cat/N00/pdf/1/fm/1/spell/3,book
0,文具,飛龍 橡皮擦 標準型 6入,MILAN經典三角暢銷橡皮擦4045_小(6入組),110,https://search.books.com.tw/redirect/move/key/%E9%A3%9B%E9%BE%8D+%E6%A9%A1%E7%9A%AE%E6%93%A6+%E6%A8%99%E6%BA%96%E5%9E%8B+6%E5%85%A5/area/mid/item/N001172407/page/1/idx/5/cat/N00/pdf/1/fm/1/spell/3,book
0,文具,SDI CT-206R 6mm 替換帶 10入,PLUS 豆豆彩貼替帶魔豆6mm×10M藍TG-1121R,36,https://search.books.com.tw/redirect/move/key/SDI+CT-206R+6mm+%E6%9B%BF%E6%8F%9B%E5%B8%B6+10%E5%85%A5/area/mid/item/N011371046/page/1/idx/1/cat/N01/pdf/1/fm/1/spell/3/stem/2,book
0,文具,SDI CT-206R 6mm 替換帶 10入,(1正2內)SDI i-PUSH CT-316輕鬆按可換式修正帶+內帶 綠 6mmx10M,8,https://search.books.com.tw/redirect/move/key/SDI+CT-206R+6mm+%E6%9B%BF%E6%8F%9B%E5%B8%B6+10%E5%85%A5/area/mid/item/N001355270/page/1/idx/2/cat/N00/pdf/1/fm/1/spell/3/stem/2,book
0,文具,SDI CT-206R 6mm 替換帶 10入,PLUS環保經濟包MR系內帶6mm10入(盒裝),8,https://search.books.com.tw/redirect/move/key/SDI+CT-206R+6mm+%E6%9B%BF%E6%8F%9B%E5%B8%B6+10%E5%85%A5/area/mid/item/N000606865/page/1/idx/3/cat/N00/pdf/1/fm/1/spell/3/stem/2,book
0,文具,SDI CT-206R 6mm 替換帶 10入,PLUS環保經濟包MR2系內帶6mm10入(盒裝),8,https://search.books.com.tw/redirect/move/key/SDI+CT-206R+6mm+%E6%9B%BF%E6%8F%9B%E5%B8%B6+10%E5%85%A5/area/mid/item/N000886530/page/1/idx/4/cat/N00/pdf/1/fm/1/spell/3/stem/2,book
0,文具,SDI CT-206R 6mm 替換帶 10入,(10個1盒)SDI輕鬆按修正內帶6mm,8,https://search.books.com.tw/redirect/move/key/SDI+CT-206R+6mm+%E6%9B%BF%E6%8F%9B%E5%B8%B6+10%E5%85%A5/area/mid/item/N000661031/page/1/idx/5/cat/N00/pdf/1/fm/1/spell/3/stem/2,book
0,美妝,DHC 高保濕純欖護唇膏,DHC 純欖護唇膏 1.5g 日本境內版,189,https://search.books.com.tw/redirect/move/key/DHC+%E9%AB%98%E4%BF%9D%E6%BF%95%E7%B4%94%E6%AC%96%E8%AD%B7%E5%94%87%E8%86%8F/area/mid/item/N001504726/page/1/idx/1/cat/N00/pdf/1/fm/1/spell/3/stem/2,book
0,美妝,DHC 高保濕純欖護唇膏,【3入組】 DHC 純欖護唇膏 1.5g 日本境內版,528,https://search.books.com.tw/redirect/move/key/DHC+%E9%AB%98%E4%BF%9D%E6%BF%95%E7%B4%94%E6%AC%96%E8%AD%B7%E5%94%87%E8%86%8F/area/mid/item/N001514087/page/1/idx/2/cat/N00/pdf/1/fm/1/spell/3/stem/2,book
0,美妝,DHC 高保濕純欖護唇膏,碧唇Blistex 護唇膏 高保濕潤色護唇膏3.69g SPF15 x6支/組,1105,https://search.books.com.tw/redirect/move/key/DHC+%E9%AB%98%E4%BF%9D%E6%BF%95%E7%B4%94%E6%AC%96%E8%AD%B7%E5%94%87%E8%86%8F/area/mid/item/N012514439/page/1/idx/3/cat/N01/pdf/1/fm/1/spell/3/stem/2,book
0,美妝,DHC 高保濕純欖護唇膏,"(2袋超值組)日本近江兄弟OMI-高保濕立體方型滋潤鎖水修護唇膏1入/袋(潤唇膏,乾燥脫皮護理膜,植萃舒緩嘴唇修護精華) 蜂蜜香(橘)*2袋",1072,https://search.books.com.tw/redirect/move/key/DHC+%E9%AB%98%E4%BF%9D%E6%BF%95%E7%B4%94%E6%AC%96%E8%AD%B7%E5%94%87%E8%86%8F/area/mid/item/N013097418/page/1/idx/4/cat/N01/pdf/1/fm/1/spell/3/stem/2,book
0,美妝,DHC 高保濕純欖護唇膏,"日本近江兄弟OMI-高保濕立體方型滋潤鎖水修護唇膏1入/袋(潤唇膏,乾燥脫皮護理膜,植萃舒緩嘴唇修護精華) 蜂蜜香(橘)",551,https://search.books.com.tw/redirect/move/key/DHC+%E9%AB%98%E4%BF%9D%E6%BF%95%E7%B4%94%E6%AC%96%E8%AD%B7%E5%94%87%E8%86%8F/area/mid/item/N013097414/page/1/idx/5/cat/N01/pdf/1/fm/1/spell/3/stem/2,book
0,美妝,L’OCCITANE 護手霜 三件,L’OCCITANE 歐舒丹 乳油木75ml護手霜3件套組-國際航空版,1990,https://search.books.com.tw/redirect/move/key/L%E2%80%99OCCITANE+%E8%AD%B7%E6%89%8B%E9%9C%9C+%E4%B8%89%E4%BB%B6/area/mid/item/N013487823/page/1/idx/1/cat/N01/pdf/1/spell/3,book
0,美妝,L’OCCITANE 護手霜 三件,L’OCCITANE 歐舒丹 乳油木75ml護手霜3件套組-國際航空版,1799,https://search.books.com.tw/redirect/move/key/L%E2%80%99OCCITANE+%E8%AD%B7%E6%89%8B%E9%9C%9C+%E4%B8%89%E4%BB%B6/area/mid/item/N001644216/page/1/idx/2/cat/N00/pdf/1/spell/3,book
0,美妝,L’OCCITANE 護手霜 三件,None,None,None,book
0,美妝,L’OCCITANE 護手霜 三件,None,None,None,book
0,美妝,L’OCCITANE 護手霜 三件,None,None,None,book
0,美妝,Innisfree 礦物 蜜粉,INNISFREE 無油無慮礦物控油蜜粉(5g) 2入組_國際航空版,470,https://search.books.com.tw/redirect/move/key/Innisfree+%E7%A4%A6%E7%89%A9+%E8%9C%9C%E7%B2%89/area/mid/item/N013554563/page/1/idx/1/cat/N01/pdf/1/spell/3,book
0,美妝,Innisfree 礦物 蜜粉,innisfree無油無慮礦物控油蜜粉5g,199,https://search.books.com.tw/redirect/move/key/Innisfree+%E7%A4%A6%E7%89%A9+%E8%9C%9C%E7%B2%89/area/mid/item/N001687736/page/1/idx/2/cat/N00/pdf/0/spell/3,book
0,美妝,Innisfree 礦物 蜜粉,None,None,None,book
0,美妝,Innisfree 礦物 蜜粉,None,None,None,book
0,美妝,Innisfree 礦物 蜜粉,None,None,None,book
0,美妝,LANCOME 蘭蔻 零粉感 持久粉底 SPF38/PA+++ 30ml,LANCOME 蘭蔻 零粉感超持久粉底 SPF38/PA+++(30ml)-多色可選-百貨公司貨 #BO-01,1599,https://search.books.com.tw/redirect/move/key/LANCOME+%E8%98%AD%E8%94%BB+%E9%9B%B6%E7%B2%89%E6%84%9F+%E6%8C%81%E4%B9%85%E7%B2%89%E5%BA%95+SPF38+PA%2B%2B%2B+30ml/area/mid/item/N011391882/page/1/idx/1/cat/N01/pdf/1/spell/3,book
0,美妝,LANCOME 蘭蔻 零粉感 持久粉底 SPF38/PA+++ 30ml,LANCOME 蘭蔻 零粉感超持久粉底 SPF38/PA+++(30ml)-多色可選-百貨公司貨 #B-02,1599,https://search.books.com.tw/redirect/move/key/LANCOME+%E8%98%AD%E8%94%BB+%E9%9B%B6%E7%B2%89%E6%84%9F+%E6%8C%81%E4%B9%85%E7%B2%89%E5%BA%95+SPF38+PA%2B%2B%2B+30ml/area/mid/item/N011391881/page/1/idx/2/cat/N01/pdf/1/spell/3,book
0,美妝,LANCOME 蘭蔻 零粉感 持久粉底 SPF38/PA+++ 30ml,LANCOME 蘭蔻 零粉感超持久粉底 SPF38/PA+++(30ml)-多色可選-百貨公司貨 #O-02,1629,https://search.books.com.tw/redirect/move/key/LANCOME+%E8%98%AD%E8%94%BB+%E9%9B%B6%E7%B2%89%E6%84%9F+%E6%8C%81%E4%B9%85%E7%B2%89%E5%BA%95+SPF38+PA%2B%2B%2B+30ml/area/mid/item/N011893617/page/1/idx/3/cat/N01/pdf/1/spell/3,book
0,美妝,LANCOME 蘭蔻 零粉感 持久粉底 SPF38/PA+++ 30ml,LANCOME 蘭蔻 零粉感超持久粉底 SPF38/PA+++(30ml) 送鑽石粉撲-多色可選-百貨公司貨 #B-02,1599,https://search.books.com.tw/redirect/move/key/LANCOME+%E8%98%AD%E8%94%BB+%E9%9B%B6%E7%B2%89%E6%84%9F+%E6%8C%81%E4%B9%85%E7%B2%89%E5%BA%95+SPF38+PA%2B%2B%2B+30ml/area/mid/item/N013536059/page/1/idx/4/cat/N01/pdf/1/spell/3,book
0,美妝,LANCOME 蘭蔻 零粉感 持久粉底 SPF38/PA+++ 30ml,LANCOME 蘭蔻 零粉感超持久粉底 SPF38/PA+++(30ml) 送鑽石粉撲-多色可選-百貨公司貨 #O-02,1599,https://search.books.com.tw/redirect/move/key/LANCOME+%E8%98%AD%E8%94%BB+%E9%9B%B6%E7%B2%89%E6%84%9F+%E6%8C%81%E4%B9%85%E7%B2%89%E5%BA%95+SPF38+PA%2B%2B%2B+30ml/area/mid/item/N013536056/page/1/idx/5/cat/N01/pdf/1/spell/3,book
0,美妝,Dasique 九宮格眼影盤,【MAKEUP REVOLUTION】玩妝革命九宮格眼影盤 8.1g(可可金沙),399,https://search.books.com.tw/redirect/move/key/Dasique+%E4%B9%9D%E5%AE%AE%E6%A0%BC%E7%9C%BC%E5%BD%B1%E7%9B%A4/area/mid/item/N013479380/page/1/idx/1/cat/N01/pdf/1/fm/1/spell/3/stem/2,book
0,美妝,Dasique 九宮格眼影盤,【MAKEUP REVOLUTION】玩妝革命九宮格眼影盤 8.1g(莓果金沙),399,https://search.books.com.tw/redirect/move/key/Dasique+%E4%B9%9D%E5%AE%AE%E6%A0%BC%E7%9C%BC%E5%BD%B1%E7%9B%A4/area/mid/item/N013479379/page/1/idx/2/cat/N01/pdf/1/fm/1/spell/3/stem/2,book
0,美妝,Dasique 九宮格眼影盤,CLIO珂莉奧 璀璨星沙十色眼影盤 11暖煦小徑,595,https://search.books.com.tw/redirect/move/key/Dasique+%E4%B9%9D%E5%AE%AE%E6%A0%BC%E7%9C%BC%E5%BD%B1%E7%9B%A4/area/mid/item/N001363575/page/1/idx/3/cat/N00/pdf/1/fm/1/spell/3/stem/2,book
0,美妝,Dasique 九宮格眼影盤,CLIO珂莉奧 璀璨星沙十色眼影盤 17紫戀夜櫻,595,https://search.books.com.tw/redirect/move/key/Dasique+%E4%B9%9D%E5%AE%AE%E6%A0%BC%E7%9C%BC%E5%BD%B1%E7%9B%A4/area/mid/item/N001517743/page/1/idx/4/cat/N00/pdf/1/fm/1/spell/3/stem/2,book
0,美妝,Dasique 九宮格眼影盤,CLIO珂莉奧 璀璨星沙十色眼影盤 16 典雅栗棕,595,https://search.books.com.tw/redirect/move/key/Dasique+%E4%B9%9D%E5%AE%AE%E6%A0%BC%E7%9C%BC%E5%BD%B1%E7%9B%A4/area/mid/item/N001517740/page/1/idx/5/cat/N00/pdf/1/fm/1/spell/3/stem/2,book
0,書籍,哈利波特 1-7集,Harry Potter Paperback Boxed Set: Books #1-7,73,https://search.books.com.tw/redirect/move/key/%E5%93%88%E5%88%A9%E6%B3%A2%E7%89%B9+1-7%E9%9B%86/area/mid/item/F011649523/page/1/idx/1/cat/F01/pdf/1/spell/3,book
0,書籍,哈利波特 1-7集,Harry Potter Boxed Set: Books 1-7,7825,https://search.books.com.tw/redirect/move/key/%E5%93%88%E5%88%A9%E6%B3%A2%E7%89%B9+1-7%E9%9B%86/area/mid/item/F011152090/page/1/idx/2/cat/F01/pdf/0/spell/3,book
0,書籍,哈利波特 1-7集,Harry Potter Boxed Set (Adult Edition),3299,https://search.books.com.tw/redirect/move/key/%E5%93%88%E5%88%A9%E6%B3%A2%E7%89%B9+1-7%E9%9B%86/area/mid/item/F010008117/page/1/idx/3/cat/F01/pdf/0/spell/3,book
0,書籍,哈利波特 1-7集,Harry Potter Audio Boxed Set,24750,https://search.books.com.tw/redirect/move/key/%E5%93%88%E5%88%A9%E6%B3%A2%E7%89%B9+1-7%E9%9B%86/area/mid/item/F013753141/page/1/idx/4/cat/F01/pdf/0/spell/3,book
0,書籍,哈利波特 1-7集,Harry Potter Boxed Set (Children’s Edition),3599,https://search.books.com.tw/redirect/move/key/%E5%93%88%E5%88%A9%E6%B3%A2%E7%89%B9+1-7%E9%9B%86/area/mid/item/F010008116/page/1/idx/5/cat/F01/pdf/0/spell/3,book
0,書籍,JLPT 新日檢 N3 一本合格,JLPT新日檢N3一本合格全新修訂版(附全書音檔MP3+模擬試題暨詳解4回+單字文法記憶小冊),79,https://search.books.com.tw/redirect/move/key/JLPT+%E6%96%B0%E6%97%A5%E6%AA%A2+N3+%E4%B8%80%E6%9C%AC%E5%90%88%E6%A0%BC/area/mid/item/0010986756/page/1/idx/1/cat/001/pdf/1/spell/3,book
0,書籍,JLPT 新日檢 N3 一本合格,JLPT新日檢N5一本合格全新修訂版 (附全書音檔MP3+模擬試題暨詳解4回+單字文法記憶小冊),79,https://search.books.com.tw/redirect/move/key/JLPT+%E6%96%B0%E6%97%A5%E6%AA%A2+N3+%E4%B8%80%E6%9C%AC%E5%90%88%E6%A0%BC/area/mid/item/0010984461/page/1/idx/2/cat/001/pdf/1/spell/3,book
0,書籍,JLPT 新日檢 N3 一本合格,JLPT新日檢N4一本合格全新修訂版(附全書音檔MP3+模擬試題暨詳解4回+單字文法記憶小冊),9,https://search.books.com.tw/redirect/move/key/JLPT+%E6%96%B0%E6%97%A5%E6%AA%A2+N3+%E4%B8%80%E6%9C%AC%E5%90%88%E6%A0%BC/area/mid/item/0010990118/page/1/idx/3/cat/001/pdf/0/spell/3,book
0,書籍,JLPT 新日檢 N3 一本合格,新制JLPT日本語能力測驗N2聽解對策&模擬試題：日檢聽力合格對應大全(附 MP、模擬試題),9,https://search.books.com.tw/redirect/move/key/JLPT+%E6%96%B0%E6%97%A5%E6%AA%A2+N3+%E4%B8%80%E6%9C%AC%E5%90%88%E6%A0%BC/area/mid/item/0010482290/page/1/idx/4/cat/001/pdf/0/spell/3,book
0,書籍,JLPT 新日檢 N3 一本合格,None,None,None,book
0,書籍,蘋果橘子經濟學,蘋果橘子經濟學【擴充.修訂紀念版】,79,https://search.books.com.tw/redirect/move/key/%E8%98%8B%E6%9E%9C%E6%A9%98%E5%AD%90%E7%B6%93%E6%BF%9F%E5%AD%B8/area/mid/item/0010327164/page/1/idx/1/cat/001/pdf/1/spell/3,book
0,書籍,蘋果橘子經濟學,超爆蘋果橘子經濟學(15週年長銷紀念版),9,https://search.books.com.tw/redirect/move/key/%E8%98%8B%E6%9E%9C%E6%A9%98%E5%AD%90%E7%B6%93%E6%BF%9F%E5%AD%B8/area/mid/item/0010985370/page/1/idx/2/cat/001/pdf/1/spell/3,book
0,書籍,蘋果橘子經濟學,蘋果橘子創意百科：何時搶銀行等131個驚人良心建議,79,https://search.books.com.tw/redirect/move/key/%E8%98%8B%E6%9E%9C%E6%A9%98%E5%AD%90%E7%B6%93%E6%BF%9F%E5%AD%B8/area/mid/item/0010692105/page/1/idx/3/cat/001/pdf/1/spell/3,book
0,書籍,蘋果橘子經濟學,蘋果橘子經濟學(擴充‧修訂紀念版) (電子書),210,https://search.books.com.tw/redirect/move/key/%E8%98%8B%E6%9E%9C%E6%A9%98%E5%AD%90%E7%B6%93%E6%BF%9F%E5%AD%B8/area/mid/item/E050005878/page/1/idx/4/cat/E05/pdf/1/spell/3,book
0,書籍,蘋果橘子經濟學,超爆蘋果橘子經濟學(15週年長銷紀念版) (電子書),88,https://search.books.com.tw/redirect/move/key/%E8%98%8B%E6%9E%9C%E6%A9%98%E5%AD%90%E7%B6%93%E6%BF%9F%E5%AD%B8/area/mid/item/E050213667/page/1/idx/5/cat/E05/pdf/1/spell/3,book
0,書籍,解答之書,解答之書：專屬於你的人生答案(柔紋皮面燙金+方背穿線精裝),79,https://search.books.com.tw/redirect/move/key/%E8%A7%A3%E7%AD%94%E4%B9%8B%E6%9B%B8/area/mid/item/0010805313/page/1/idx/1/cat/001/pdf/1/spell/3,book
0,書籍,解答之書,愛的解答之書：專屬於愛的答案(柔紋皮面燙金+方背穿線精裝),79,https://search.books.com.tw/redirect/move/key/%E8%A7%A3%E7%AD%94%E4%B9%8B%E6%9B%B8/area/mid/item/0010811584/page/1/idx/2/cat/001/pdf/1/spell/3,book
0,書籍,解答之書,角落小夥伴解答之書,79,https://search.books.com.tw/redirect/move/key/%E8%A7%A3%E7%AD%94%E4%B9%8B%E6%9B%B8/area/mid/item/0010946143/page/1/idx/3/cat/001/pdf/1/spell/3,book
0,書籍,解答之書,大人的性愛相談：不是長大自然就會，親密關係的探索解答之書,95,https://search.books.com.tw/redirect/move/key/%E8%A7%A3%E7%AD%94%E4%B9%8B%E6%9B%B8/area/mid/item/0010862823/page/1/idx/4/cat/001/pdf/1/spell/3,book
0,書籍,解答之書,莊子，從心開始 完結篇(上)大宗師：關於自由的人生解答之書,9,https://search.books.com.tw/redirect/move/key/%E8%A7%A3%E7%AD%94%E4%B9%8B%E6%9B%B8/area/mid/item/0010926511/page/1/idx/5/cat/001/pdf/1/spell/3,book
0,書籍,世界文明尋寶記,世界文明尋寶記系列(第1~5冊),72,https://search.books.com.tw/redirect/move/key/%E4%B8%96%E7%95%8C%E6%96%87%E6%98%8E%E5%B0%8B%E5%AF%B6%E8%A8%98/area/mid/item/0010834526/page/1/idx/1/cat/001/pdf/1/spell/3,book
0,書籍,世界文明尋寶記,世界文明尋寶記系列(第6~10冊),72,https://search.books.com.tw/redirect/move/key/%E4%B8%96%E7%95%8C%E6%96%87%E6%98%8E%E5%B0%8B%E5%AF%B6%E8%A8%98/area/mid/item/0010834528/page/1/idx/2/cat/001/pdf/1/spell/3,book
0,書籍,世界文明尋寶記,世界文明尋寶記套書(第1~10冊),72,https://search.books.com.tw/redirect/move/key/%E4%B8%96%E7%95%8C%E6%96%87%E6%98%8E%E5%B0%8B%E5%AF%B6%E8%A8%98/area/mid/item/0010965600/page/1/idx/3/cat/001/pdf/1/spell/3,book
0,書籍,世界文明尋寶記,我的第一本歷史知識漫畫書·世界文明尋寶記(1)：美索不達米亞文明尋寶記,87,https://search.books.com.tw/redirect/move/key/%E4%B8%96%E7%95%8C%E6%96%87%E6%98%8E%E5%B0%8B%E5%AF%B6%E8%A8%98/area/mid/item/CN11639978/page/1/idx/4/cat/CN1/pdf/1/spell/3,book
0,書籍,世界文明尋寶記,我的第一本歷史知識漫畫書·世界文明尋寶記(6)：波斯文明尋寶記,87,https://search.books.com.tw/redirect/move/key/%E4%B8%96%E7%95%8C%E6%96%87%E6%98%8E%E5%B0%8B%E5%AF%B6%E8%A8%98/area/mid/item/CN11639986/page/1/idx/5/cat/CN1/pdf/1/spell/3,book
